{"stats":{"minecraft:custom":{"minecraft:time_since_rest":35774,"minecraft:open_chest":1,"minecraft:play_time":35774,"minecraft:crouch_one_cm":1786,"minecraft:sprint_one_cm":16537,"minecraft:damage_taken":90,"minecraft:walk_one_cm":110993,"minecraft:sneak_time":554,"minecraft:walk_under_water_one_cm":276,"minecraft:drop":3,"minecraft:jump":91,"minecraft:inspect_hopper":1,"minecraft:time_since_death":35774,"minecraft:walk_on_water_one_cm":746,"minecraft:total_world_time":35774,"minecraft:swim_one_cm":7456,"minecraft:fall_one_cm":1674,"minecraft:fly_one_cm":96793},"minecraft:picked_up":{"minecraft:crafting_table":1,"minecraft:yellow_shulker_box":1,"minecraft:orange_shulker_box":1,"minecraft:wheat_seeds":21,"minecraft:bucket":1,"minecraft:sand":19,"minecraft:oak_boat":1,"minecraft:powered_rail":20,"minecraft:bamboo":10,"minecraft:chest":2,"minecraft:obsidian":2,"minecraft:dirt":128,"minecraft:ender_pearl":32},"minecraft:used":{"minecraft:sticky_piston":2,"minecraft:mud":5,"minecraft:dirt":12,"minecraft:hopper":27,"minecraft:slime_block":19,"minecraft:redstone":1,"minecraft:powered_rail":365,"minecraft:chest":4,"minecraft:note_block":1,"minecraft:redstone_block":216,"minecraft:observer":1,"minecraft:hopper_minecart":24,"minecraft:obsidian":1},"minecraft:dropped":{"minecraft:wheat_seeds":3}},"DataVersion":3953}