{"stats":{"minecraft:custom":{"minecraft:time_since_rest":71774,"minecraft:sprint_one_cm":21548,"minecraft:damage_taken":90,"minecraft:walk_one_cm":178788,"minecraft:drop":7,"minecraft:inspect_hopper":23,"minecraft:swim_one_cm":7456,"minecraft:tune_noteblock":14,"minecraft:fly_one_cm":214803,"minecraft:open_chest":12,"minecraft:crouch_one_cm":10621,"minecraft:play_time":71774,"minecraft:sneak_time":3822,"minecraft:walk_under_water_one_cm":276,"minecraft:jump":215,"minecraft:walk_on_water_one_cm":1258,"minecraft:time_since_death":71774,"minecraft:total_world_time":71774,"minecraft:fall_one_cm":1674},"minecraft:picked_up":{"minecraft:crafting_table":1,"minecraft:yellow_shulker_box":1,"minecraft:orange_shulker_box":1,"minecraft:torch":1,"minecraft:sand":19,"minecraft:redstone":1,"minecraft:dirt":128,"minecraft:bamboo_block":6,"minecraft:wheat_seeds":22,"minecraft:bucket":1,"minecraft:oak_boat":1,"minecraft:bamboo":1510,"minecraft:powered_rail":33,"minecraft:chest":2,"minecraft:obsidian":2,"minecraft:rail":1,"minecraft:ender_pearl":32},"minecraft:used":{"minecraft:water_bucket":2,"minecraft:sticky_piston":10,"minecraft:mud":7,"minecraft:lever":3,"minecraft:oak_stairs":4,"minecraft:grass_block":46,"minecraft:powered_rail":388,"minecraft:redstone":47,"minecraft:slime_block":93,"minecraft:chest":10,"minecraft:redstone_block":216,"minecraft:hopper_minecart":46,"minecraft:copper_bulb":2,"minecraft:bamboo":2,"minecraft:oak_leaves":172,"minecraft:torch":3,"minecraft:dirt":12,"minecraft:rail":2,"minecraft:comparator":2,"minecraft:hopper":34,"minecraft:crafter":4,"minecraft:white_stained_glass":469,"minecraft:note_block":10,"minecraft:observer":39,"minecraft:obsidian":10},"minecraft:dropped":{"minecraft:wheat_seeds":3,"minecraft:torch":2,"minecraft:bamboo":25}},"DataVersion":3953}