{"stats":{"minecraft:picked_up":{"minecraft:crafting_table":1,"minecraft:brown_mushroom":1,"minecraft:wither_rose":9,"minecraft:red_bed":9,"minecraft:raw_copper":46,"minecraft:diamond_leggings":1,"minecraft:gold_nugget":1,"minecraft:bucket":1,"minecraft:oak_boat":1,"minecraft:poppy":2,"minecraft:chest":2,"minecraft:orange_shulker_box":1,"minecraft:torch":2,"minecraft:bamboo_slab":10,"minecraft:redstone":1,"minecraft:diamond_chestplate":1,"minecraft:bamboo_block":6,"minecraft:stone_sword":16,"minecraft:arrow":2,"minecraft:rotten_flesh":2,"minecraft:diamond_boots":1,"minecraft:netherite_chestplate":1,"minecraft:obsidian":2,"minecraft:cobblestone":2,"minecraft:rail":1,"minecraft:bamboo_stairs":9,"minecraft:netherite_boots":1,"minecraft:yellow_shulker_box":1,"minecraft:wither_skeleton_skull":13,"minecraft:gunpowder":2,"minecraft:netherite_leggings":1,"minecraft:dirt":128,"minecraft:red_carpet":31,"minecraft:bone":400,"minecraft:stone_bricks":51,"minecraft:wheat_seeds":23,"minecraft:powered_rail":33,"minecraft:diamond_helmet":1,"minecraft:bamboo":1715,"minecraft:pink_bed":2,"minecraft:bamboo_planks":3,"minecraft:sand":19,"minecraft:ink_sac":8,"minecraft:barrel":1,"minecraft:bamboo_trapdoor":4,"minecraft:netherite_helmet":1,"minecraft:crossbow":1,"minecraft:netherrack":27,"minecraft:coal":290,"minecraft:ender_pearl":32},"minecraft:used":{"minecraft:oak_trapdoor":2,"minecraft:netherite_sword":357,"minecraft:iron_bars":3,"minecraft:flint_and_steel":64,"minecraft:carved_pumpkin":3,"minecraft:redstone":47,"minecraft:black_carpet":2,"minecraft:chest":45,"minecraft:wither_skeleton_spawn_egg":5,"minecraft:torch":8,"minecraft:soul_sand":4,"minecraft:dirt":16,"minecraft:anvil":4,"minecraft:hopper":50,"minecraft:nether_bricks":123,"minecraft:crafter":4,"minecraft:cobblestone_wall":188,"minecraft:carrot":19,"minecraft:stone_stairs":4,"minecraft:obsidian":541,"minecraft:glass":115,"minecraft:lava_bucket":774,"minecraft:iron_block":13,"minecraft:grass_block":946,"minecraft:oak_stairs":27,"minecraft:slime_block":93,"minecraft:mossy_cobblestone_slab":266,"minecraft:hopper_minecart":49,"minecraft:barrel":2,"minecraft:stone_bricks":300,"minecraft:bamboo":2,"minecraft:repeater":12,"minecraft:netherite_boots":1,"minecraft:red_carpet":31,"minecraft:bow":30,"minecraft:wolf_spawn_egg":7,"minecraft:netherite_pickaxe":163,"minecraft:minecart":9,"minecraft:observer":39,"minecraft:turtle_egg":5,"minecraft:bamboo_planks":59,"minecraft:bamboo_trapdoor":8,"minecraft:water_bucket":2,"minecraft:spruce_door":1,"minecraft:birch_planks":85,"minecraft:yellow_shulker_box":1,"minecraft:powered_rail":392,"minecraft:oak_planks":27,"minecraft:redstone_block":216,"minecraft:oak_leaves":172,"minecraft:bamboo_stairs":19,"minecraft:rail":10,"minecraft:comparator":2,"minecraft:netherite_leggings":1,"minecraft:red_bed":10,"minecraft:sponge":53,"minecraft:note_block":10,"minecraft:lingering_potion":6,"minecraft:black_bed":2,"minecraft:lightning_rod":1,"minecraft:sticky_piston":10,"minecraft:oak_log":4,"minecraft:mud":7,"minecraft:lever":3,"minecraft:firework_rocket":69,"minecraft:bread":4,"minecraft:warped_slab":12,"minecraft:netherite_axe":37,"minecraft:stone_slab":1539,"minecraft:spruce_trapdoor":115,"minecraft:bamboo_slab":16,"minecraft:copper_bulb":2,"minecraft:wooden_sword":7,"minecraft:white_stained_glass":1034,"minecraft:piglin_spawn_egg":19,"minecraft:smooth_stone_slab":77,"minecraft:wither_rose":560,"minecraft:warped_button":1,"minecraft:splash_potion":82,"minecraft:smooth_stone":331,"minecraft:cobweb":4},"minecraft:mined":{"minecraft:red_carpet":30,"minecraft:barrel":1,"minecraft:fire":7,"minecraft:stone":2,"minecraft:bamboo_slab":10,"minecraft:red_bed":9,"minecraft:bamboo_stairs":9,"minecraft:short_grass":7,"minecraft:poppy":2,"minecraft:copper_ore":6,"minecraft:bamboo_trapdoor":4,"minecraft:bamboo_planks":2,"minecraft:oak_log":5,"minecraft:stone_bricks":52,"minecraft:netherrack":97},"minecraft:custom":{"minecraft:interact_with_smithing_table":1,"minecraft:mob_kills":226,"minecraft:interact_with_anvil":14,"minecraft:inspect_hopper":31,"minecraft:interact_with_crafting_table":8,"minecraft:open_barrel":2,"minecraft:open_shulker_box":6,"minecraft:leave_game":4,"minecraft:time_since_death":309563,"minecraft:sprint_one_cm":227749,"minecraft:walk_one_cm":639595,"minecraft:drop":58,"minecraft:play_time":462203,"minecraft:deaths":1,"minecraft:sneak_time":26189,"minecraft:walk_under_water_one_cm":89393,"minecraft:jump":1447,"minecraft:walk_on_water_one_cm":4217,"minecraft:total_world_time":462203,"minecraft:interact_with_furnace":4,"minecraft:tune_noteblock":14,"minecraft:sleep_in_bed":4,"minecraft:time_since_rest":299402,"minecraft:damage_taken":992,"minecraft:damage_dealt":24704,"minecraft:swim_one_cm":18826,"minecraft:fly_one_cm":1448402,"minecraft:open_chest":118,"minecraft:crouch_one_cm":54675,"minecraft:aviate_one_cm":1593385,"minecraft:fall_one_cm":20900},"minecraft:killed":{"minecraft:zombified_piglin":8,"minecraft:spider":1,"minecraft:skeleton":1,"minecraft:wolf":1,"minecraft:piglin":8,"minecraft:creeper":4,"minecraft:squid":3,"minecraft:zombie":2,"minecraft:wither_skeleton":188,"minecraft:blaze":1},"minecraft:dropped":{"minecraft:wolf_spawn_egg":1,"minecraft:wheat_seeds":4,"minecraft:diamond_axe":1,"minecraft:minecart":1,"minecraft:diamond_leggings":2,"minecraft:netherite_helmet":1,"minecraft:netherite_chestplate":1,"minecraft:crossbow":1,"minecraft:rail":1,"minecraft:coal":9,"minecraft:cobweb":1,"minecraft:wither_skeleton_spawn_egg":1,"minecraft:torch":2,"minecraft:netherite_boots":1,"minecraft:diamond_helmet":2,"minecraft:wither_rose":2,"minecraft:white_wool":51,"minecraft:bamboo_planks":3,"minecraft:pink_bed":4,"minecraft:golden_chestplate":2,"minecraft:stone_sword":1,"minecraft:cobblestone_wall":1,"minecraft:pink_dye":1,"minecraft:netherite_sword":1,"minecraft:obsidian":1,"minecraft:rotten_flesh":1,"minecraft:diamond_shovel":1,"minecraft:carrot":57,"minecraft:netherite_leggings":1,"minecraft:wolf_armor":1,"minecraft:diamond_sword":1,"minecraft:diamond_chestplate":2,"minecraft:piglin_spawn_egg":1,"minecraft:diamond_pickaxe":1,"minecraft:pink_wool":1,"minecraft:bamboo":156,"minecraft:diamond_boots":2,"minecraft:white_stained_glass":1,"minecraft:firework_rocket":1},"minecraft:crafted":{"minecraft:black_dye":8,"minecraft:barrel":2,"minecraft:pink_bed":2,"minecraft:lightning_rod":1,"minecraft:pink_dye":8,"minecraft:bamboo_stairs":12,"minecraft:black_wool":8,"minecraft:red_dye":64,"minecraft:red_bed":2,"minecraft:red_wool":60,"minecraft:copper_ingot":3,"minecraft:red_carpet":12,"minecraft:air":0,"minecraft:bamboo_slab":18,"minecraft:bamboo_planks":128,"minecraft:white_wool":128,"minecraft:pink_wool":7,"minecraft:black_bed":2,"minecraft:bamboo_trapdoor":4},"minecraft:killed_by":{"minecraft:wither_skeleton":1}},"DataVersion":3953}