{"stats":{"minecraft:custom":{"minecraft:interact_with_crafting_table":110,"minecraft:open_barrel":12,"minecraft:open_shulker_box":134,"minecraft:bell_ring":76,"minecraft:leave_game":15,"minecraft:time_since_death":128769,"minecraft:damage_resisted":2417,"minecraft:sprint_one_cm":1918377,"minecraft:damage_blocked_by_shield":15,"minecraft:drop":598,"minecraft:talked_to_villager":215,"minecraft:play_time":1640034,"minecraft:deaths":11,"minecraft:jump":11195,"minecraft:walk_on_water_one_cm":64824,"minecraft:interact_with_furnace":12,"minecraft:traded_with_villager":380,"minecraft:sleep_in_bed":45,"minecraft:damage_dealt":103878,"minecraft:interact_with_beacon":24,"minecraft:player_kills":1,"minecraft:crouch_one_cm":391238,"minecraft:inspect_dispenser":1,"minecraft:inspect_hopper":54,"minecraft:interact_with_smithing_table":1,"minecraft:interact_with_anvil":22,"minecraft:mob_kills":6445,"minecraft:climb_one_cm":14684,"minecraft:walk_one_cm":3125745,"minecraft:raid_win":2,"minecraft:sneak_time":100158,"minecraft:walk_under_water_one_cm":111474,"minecraft:total_world_time":1640034,"minecraft:tune_noteblock":22,"minecraft:raid_trigger":1,"minecraft:interact_with_grindstone":3,"minecraft:time_since_rest":13833,"minecraft:damage_taken":16744,"minecraft:damage_absorbed":400,"minecraft:minecart_one_cm":12688,"minecraft:swim_one_cm":31321,"minecraft:fly_one_cm":4178624,"minecraft:pig_one_cm":62166,"minecraft:open_chest":649,"minecraft:aviate_one_cm":9720503,"minecraft:fall_one_cm":398463},"minecraft:mined":{"minecraft:spruce_planks":1,"minecraft:white_bed":2,"minecraft:oak_sapling":1,"minecraft:obsidian":22,"minecraft:carved_pumpkin":3,"minecraft:spruce_trapdoor":26,"minecraft:granite":14,"minecraft:stone_brick_wall":11,"minecraft:grass_block":2025,"minecraft:white_concrete":94,"minecraft:deepslate_bricks":2,"minecraft:bamboo_block":5,"minecraft:chiseled_tuff_bricks":1,"minecraft:hopper":22,"minecraft:tuff_bricks":27,"minecraft:iron_ore":2,"minecraft:barrel":74,"minecraft:sticky_piston":7,"minecraft:fire":10,"minecraft:cobbled_deepslate":2,"minecraft:anvil":2,"minecraft:dirt_path":52,"minecraft:iron_block":342,"minecraft:spruce_slab":3,"minecraft:tripwire":3,"minecraft:bamboo_slab":31,"minecraft:quartz_block":1,"minecraft:red_bed":10,"minecraft:deepslate_brick_wall":5,"minecraft:bamboo_stairs":9,"minecraft:powder_snow":19,"minecraft:torch":10,"minecraft:poppy":2,"minecraft:beacon":6,"minecraft:chest":27,"minecraft:glass":21,"minecraft:nether_quartz_ore":48,"minecraft:cobblestone":130,"minecraft:slime_block":61,"minecraft:oak_planks":11,"minecraft:iron_door":5,"minecraft:wall_torch":1,"minecraft:stone_stairs":5,"minecraft:waxed_copper_bulb":1,"minecraft:dark_oak_slab":1,"minecraft:bamboo_planks":36,"minecraft:mud":2,"minecraft:light_gray_stained_glass":2,"minecraft:lilac":1,"minecraft:waxed_copper_block":2,"minecraft:stone_brick_stairs":1,"minecraft:oak_log":5,"minecraft:waxed_oxidized_copper":3,"minecraft:sand":349,"minecraft:dirt":1324,"minecraft:netherrack":114,"minecraft:deepslate":23,"minecraft:emerald_block":14,"minecraft:red_carpet":30,"minecraft:oak_door":1,"minecraft:quartz_stairs":4,"minecraft:mossy_cobblestone":1,"minecraft:deepslate_diamond_ore":4,"minecraft:candle":5,"minecraft:bamboo_fence":1,"minecraft:red_stained_glass":1,"minecraft:end_stone":60,"minecraft:bamboo_door":2,"minecraft:shulker_box":8,"minecraft:dark_oak_fence":6,"minecraft:stone_button":3,"minecraft:spruce_fence":12,"minecraft:decorated_pot":2,"minecraft:white_stained_glass":14,"minecraft:redstone_wire":4,"minecraft:waxed_oxidized_cut_copper":1,"minecraft:furnace":2,"minecraft:andesite":278,"minecraft:stripped_spruce_log":30,"minecraft:gold_block":11,"minecraft:bell":13,"minecraft:bookshelf":114,"minecraft:cobblestone_slab":5,"minecraft:rail":6,"minecraft:bamboo":329,"minecraft:stone":4159,"minecraft:yellow_shulker_box":16,"minecraft:smithing_table":1,"minecraft:scaffolding":1,"minecraft:red_wool":48,"minecraft:soul_sand":54,"minecraft:stone_brick_slab":3,"minecraft:observer":11,"minecraft:spruce_door":4,"minecraft:crafting_table":3,"minecraft:short_grass":208,"minecraft:stone_slab":1,"minecraft:lightning_rod":1,"minecraft:copper_ore":36,"minecraft:tall_grass":16,"minecraft:sculk":1,"minecraft:diorite":49,"minecraft:bamboo_trapdoor":26,"minecraft:bee_nest":1,"minecraft:coal_ore":46,"minecraft:gravel":236,"minecraft:stone_bricks":262,"minecraft:infested_stone":27},"minecraft:dropped":{"minecraft:bamboo_trapdoor":129,"minecraft:candle":8,"minecraft:diamond_axe":1,"minecraft:oak_log":28,"minecraft:baked_potato":3,"minecraft:ender_pearl":3,"minecraft:glass_bottle":2,"minecraft:dark_oak_slab":2,"minecraft:crossbow":8,"minecraft:lantern":2,"minecraft:leather":7,"minecraft:elytra":2,"minecraft:carrot_on_a_stick":1,"minecraft:rail":4,"minecraft:red_carpet":12,"minecraft:emerald":1,"minecraft:cobblestone_stairs":10,"minecraft:flint":5,"minecraft:dirt":612,"minecraft:wither_skeleton_spawn_egg":1,"minecraft:stone_button":4,"minecraft:dark_oak_fence":2,"minecraft:netherite_boots":3,"minecraft:cherry_leaves":1,"minecraft:gold_nugget":5,"minecraft:amethyst_shard":5,"minecraft:sugar":1,"minecraft:white_wool":53,"minecraft:bone":249,"minecraft:gold_ingot":5,"minecraft:gravel":9,"minecraft:sugar_cane":2,"minecraft:lever":1,"minecraft:pink_bed":4,"minecraft:golden_chestplate":2,"minecraft:cobbled_deepslate":19,"minecraft:netherite_sword":3,"minecraft:pink_dye":1,"minecraft:obsidian":2,"minecraft:deepslate_brick_slab":64,"minecraft:rotten_flesh":1064,"minecraft:oak_planks":26,"minecraft:diamond_shovel":2,"minecraft:bamboo_door":1,"minecraft:stone_stairs":168,"minecraft:carrot":98,"minecraft:echo_shard":6,"minecraft:poppy":1369,"minecraft:gunpowder":2,"minecraft:piglin_spawn_egg":1,"minecraft:charcoal":64,"minecraft:quartz_block":5,"minecraft:hopper":1,"minecraft:chest":2,"minecraft:white_dye":21,"minecraft:spruce_slab":128,"minecraft:powered_rail":7,"minecraft:arrow":5,"minecraft:glass":4,"minecraft:scaffolding":326,"minecraft:netherrack":41,"minecraft:firework_rocket":130,"minecraft:water_bucket":3,"minecraft:iron_ingot":22,"minecraft:wolf_spawn_egg":1,"minecraft:stripped_spruce_log":384,"minecraft:oak_slab":2,"minecraft:netherite_pickaxe":3,"minecraft:wheat_seeds":4,"minecraft:birch_leaves":2,"minecraft:golden_helmet":1,"minecraft:deepslate_brick_wall":64,"minecraft:minecart":9,"minecraft:netherite_helmet":3,"minecraft:diamond_leggings":2,"minecraft:netherite_axe":1,"minecraft:netherite_chestplate":2,"minecraft:book":349,"minecraft:cobblestone":536,"minecraft:lead":1,"minecraft:observer":1,"minecraft:granite":12,"minecraft:spruce_door":4,"minecraft:bamboo_block":305,"minecraft:grass_block":203,"minecraft:coal":11,"minecraft:stick":13,"minecraft:cobweb":1,"minecraft:iron_block":2,"minecraft:diorite":7,"minecraft:sponge":1,"minecraft:torch":3,"minecraft:repeater":1,"minecraft:yellow_shulker_box":1,"minecraft:iron_door":4,"minecraft:diamond_helmet":2,"minecraft:potion":3,"minecraft:wither_rose":2,"minecraft:iron_axe":2,"minecraft:bamboo_slab":397,"minecraft:string":99,"minecraft:bucket":2,"minecraft:stone_brick_slab":2,"minecraft:redstone":1,"minecraft:bamboo_planks":160,"minecraft:furnace":2,"minecraft:soul_torch":13,"minecraft:stone_sword":3,"minecraft:cobblestone_wall":6,"minecraft:raw_copper":28,"minecraft:sticky_piston":2,"minecraft:slime_block":4,"minecraft:totem_of_undying":1,"minecraft:netherite_leggings":2,"minecraft:flint_and_steel":1,"minecraft:diamond_sword":1,"minecraft:bamboo_stairs":2,"minecraft:wolf_armor":1,"minecraft:bamboo_fence":1,"minecraft:stone":16,"minecraft:diamond_chestplate":2,"minecraft:spruce_trapdoor":128,"minecraft:diamond_pickaxe":1,"minecraft:andesite":31,"minecraft:quartz_stairs":13,"minecraft:pink_wool":1,"minecraft:oak_sapling":1,"minecraft:golden_sword":158,"minecraft:redstone_torch":1,"minecraft:spider_eye":1,"minecraft:barrel":12,"minecraft:stone_bricks":51,"minecraft:bamboo":339,"minecraft:diamond_boots":2,"minecraft:bow":2,"minecraft:white_stained_glass":38,"minecraft:black_wool":2},"minecraft:picked_up":{"minecraft:redstone_block":2,"minecraft:anvil":2,"minecraft:smithing_table":1,"minecraft:lead":8,"minecraft:enchanted_book":1,"minecraft:wither_rose":9,"minecraft:potion":1,"minecraft:stone_brick_stairs":1,"minecraft:golden_sword":16,"minecraft:string":9,"minecraft:raw_copper":203,"minecraft:iron_leggings":1,"minecraft:sticky_piston":5,"minecraft:experience_bottle":1,"minecraft:diamond_leggings":1,"minecraft:gold_nugget":84,"minecraft:cobbled_deepslate":23,"minecraft:bucket":2,"minecraft:spruce_planks":1,"minecraft:trial_key":2,"minecraft:cobblestone_slab":5,"minecraft:hopper_minecart":1,"minecraft:enchanted_golden_apple":3,"minecraft:furnace":2,"minecraft:golden_helmet":1,"minecraft:stick":1,"minecraft:orange_shulker_box":1,"minecraft:deepslate_brick_wall":69,"minecraft:torch":25,"minecraft:bamboo_slab":108,"minecraft:lightning_rod":1,"minecraft:diorite":23,"minecraft:bamboo_door":2,"minecraft:quartz_block":1,"minecraft:bamboo_block":266,"minecraft:stone_sword":16,"minecraft:rotten_flesh":126,"minecraft:iron_block":342,"minecraft:carved_pumpkin":3,"minecraft:netherite_chestplate":1,"minecraft:obsidian":25,"minecraft:snowball":9,"minecraft:cobblestone":2980,"minecraft:sponge":1,"minecraft:lilac":3,"minecraft:repeater":1,"minecraft:iron_door":8,"minecraft:water_bucket":2,"minecraft:andesite":108,"minecraft:black_bed":9,"minecraft:beacon":6,"minecraft:flint":3,"minecraft:wither_skeleton_skull":14,"minecraft:netherite_leggings":1,"minecraft:dirt":1383,"minecraft:lantern":2,"minecraft:disc_fragment_5":2,"minecraft:name_tag":1,"minecraft:bone":508,"minecraft:bow":1,"minecraft:stonecutter":1,"minecraft:wheat_seeds":68,"minecraft:deepslate_brick_slab":64,"minecraft:bell":15,"minecraft:diamond_helmet":1,"minecraft:bamboo":3059,"minecraft:glowstone_dust":3,"minecraft:powered_rail":33,"minecraft:oak_planks":34,"minecraft:music_disc_13":1,"minecraft:sand":329,"minecraft:stripped_spruce_log":410,"minecraft:ink_sac":8,"minecraft:grass_block":1897,"minecraft:barrel":65,"minecraft:shulker_box":9,"minecraft:mossy_cobblestone":1,"minecraft:sugar":1,"minecraft:diamond":11,"minecraft:slime_block":57,"minecraft:netherite_helmet":1,"minecraft:granite":12,"minecraft:crossbow":8,"minecraft:breeze_rod":34,"minecraft:white_concrete":93,"minecraft:emerald":121,"minecraft:oak_sapling":1,"minecraft:netherrack":41,"minecraft:dark_oak_fence":4,"minecraft:nether_star":4,"minecraft:mud":2,"minecraft:waxed_oxidized_cut_copper":1,"minecraft:crafting_table":4,"minecraft:ominous_bottle":1,"minecraft:ladder":2,"minecraft:brown_mushroom":1,"minecraft:stone_brick_wall":11,"minecraft:gold_block":11,"minecraft:wind_charge":6,"minecraft:cornflower":2,"minecraft:red_bed":10,"minecraft:stone_stairs":5,"minecraft:iron_axe":2,"minecraft:flint_and_steel":1,"minecraft:white_stained_glass":9,"minecraft:candle":6,"minecraft:music_disc_otherside":1,"minecraft:echo_shard":6,"minecraft:andesite_stairs":1,"minecraft:oak_boat":1,"minecraft:observer":9,"minecraft:poppy":6,"minecraft:spruce_slab":131,"minecraft:minecart":24,"minecraft:quartz_stairs":4,"minecraft:chest":21,"minecraft:spruce_trapdoor":154,"minecraft:waxed_oxidized_copper":3,"minecraft:raw_iron":8,"minecraft:end_stone":56,"minecraft:stone":11,"minecraft:oak_door":1,"minecraft:copper_ingot":31,"minecraft:spruce_fence":11,"minecraft:stone_button":9,"minecraft:redstone":51,"minecraft:netherite_pickaxe":2,"minecraft:arrow":65,"minecraft:diamond_chestplate":1,"minecraft:diamond_boots":1,"minecraft:saddle":5,"minecraft:gold_ingot":10,"minecraft:totem_of_undying":13,"minecraft:tuff_bricks":27,"minecraft:glow_berries":12,"minecraft:rail":21,"minecraft:oxeye_daisy":1,"minecraft:bamboo_stairs":9,"minecraft:netherite_boots":1,"minecraft:yellow_shulker_box":18,"minecraft:leather":7,"minecraft:waxed_copper_bulb":1,"minecraft:oak_log":28,"minecraft:waxed_copper_block":2,"minecraft:cobblestone_wall":5,"minecraft:gunpowder":2,"minecraft:cobblestone_stairs":7,"minecraft:white_banner":13,"minecraft:red_carpet":31,"minecraft:stone_bricks":249,"minecraft:spore_blossom":2,"minecraft:iron_ingot":9,"minecraft:cooked_chicken":3,"minecraft:glass_bottle":6,"minecraft:soul_sand":53,"minecraft:book":344,"minecraft:scaffolding":46,"minecraft:pink_bed":2,"minecraft:dark_oak_slab":2,"minecraft:bamboo_fence":1,"minecraft:emerald_block":14,"minecraft:bamboo_planks":33,"minecraft:stone_brick_slab":5,"minecraft:red_wool":45,"minecraft:quartz":116,"minecraft:dandelion":8,"minecraft:gravel":226,"minecraft:amethyst_shard":9,"minecraft:soul_torch":13,"minecraft:white_bed":2,"minecraft:spider_eye":1,"minecraft:spruce_door":8,"minecraft:firework_rocket":4,"minecraft:bamboo_trapdoor":26,"minecraft:white_concrete_powder":25,"minecraft:baked_potato":3,"minecraft:coal":383,"minecraft:chiseled_tuff_bricks":1,"minecraft:hopper":20,"minecraft:ender_pearl":48},"minecraft:killed":{"minecraft:zombified_piglin":11,"minecraft:witch":8,"minecraft:spider":1,"minecraft:wither":4,"minecraft:skeleton":6,"minecraft:silverfish":24,"minecraft:cat":1,"minecraft:wolf":1,"minecraft:piglin":8,"minecraft:iron_golem":2,"minecraft:creeper":8,"minecraft:trader_llama":2,"minecraft:pillager":64,"minecraft:zombie":15,"minecraft:blaze":2,"minecraft:armadillo":1,"minecraft:evoker":13,"minecraft:vex":13,"minecraft:bogged":27,"minecraft:vindicator":47,"minecraft:drowned":1,"minecraft:husk":26,"minecraft:wandering_trader":1,"minecraft:ravager":11,"minecraft:squid":3,"minecraft:breeze":6,"minecraft:wither_skeleton":381,"minecraft:player":1,"minecraft:villager":54,"minecraft:enderman":43},"minecraft:killed_by":{"minecraft:wither_skeleton":1,"minecraft:zombie":1,"minecraft:warden":4},"minecraft:used":{"minecraft:tuff_bricks":25,"minecraft:bamboo_sign":12,"minecraft:black_carpet":2,"minecraft:elytra":9,"minecraft:spruce_slab":107,"minecraft:carrot_on_a_stick":17,"minecraft:ladder":12,"minecraft:poppy":4,"minecraft:white_concrete_powder":96,"minecraft:chest":336,"minecraft:shield":1,"minecraft:stone":209,"minecraft:zombie_spawn_egg":10,"minecraft:bell":14,"minecraft:quartz_stairs":7,"minecraft:soul_sand":30,"minecraft:nether_bricks":123,"minecraft:crafter":14,"minecraft:carrot":341,"minecraft:deepslate_brick_slab":842,"minecraft:obsidian":741,"minecraft:stripped_spruce_log":622,"minecraft:polished_deepslate_stairs":3,"minecraft:glass":176,"minecraft:lava_bucket":853,"minecraft:villager_spawn_egg":19,"minecraft:grass_block":2002,"minecraft:red_wool":61,"minecraft:lantern":40,"minecraft:quartz_block":1,"minecraft:mossy_cobblestone_slab":266,"minecraft:cherry_leaves":78,"minecraft:hopper_minecart":50,"minecraft:stone_brick_stairs":11,"minecraft:stone_bricks":1884,"minecraft:netherite_boots":1,"minecraft:repeater":26,"minecraft:red_carpet":31,"minecraft:bow":618,"minecraft:scaffolding":172,"minecraft:ominous_bottle":1,"minecraft:gold_block":75,"minecraft:dragon_head":2,"minecraft:polished_blackstone_stairs":2,"minecraft:deepslate_brick_wall":38,"minecraft:bamboo_trapdoor":59,"minecraft:wither_skeleton_skull":12,"minecraft:spruce_door":9,"minecraft:birch_leaves":98,"minecraft:powered_rail":392,"minecraft:oak_planks":27,"minecraft:ender_pearl":7,"minecraft:redstone_block":216,"minecraft:oak_leaves":311,"minecraft:bamboo_stairs":19,"minecraft:white_wool":62,"minecraft:sand":2,"minecraft:netherite_leggings":2,"minecraft:stone_brick_wall":362,"minecraft:crossbow":1,"minecraft:sponge":87,"minecraft:lingering_potion":6,"minecraft:black_bed":2,"minecraft:note_block":12,"minecraft:deepslate_brick_stairs":29,"minecraft:lightning_rod":2,"minecraft:redstone_torch":4,"minecraft:sticky_piston":19,"minecraft:lever":7,"minecraft:firework_rocket":663,"minecraft:cherry_hanging_sign":3,"minecraft:stone_button":38,"minecraft:string":4,"minecraft:bread":4,"minecraft:warped_slab":12,"minecraft:spore_blossom":2,"minecraft:lectern":8,"minecraft:flowering_azalea_leaves":6,"minecraft:lilac":3,"minecraft:wooden_sword":7,"minecraft:andesite":39,"minecraft:white_stained_glass":1105,"minecraft:piglin_spawn_egg":19,"minecraft:chain":3,"minecraft:smooth_stone_slab":78,"minecraft:netherite_sword":1335,"minecraft:iron_bars":3,"minecraft:cobweb":4,"minecraft:oak_trapdoor":2,"minecraft:white_concrete":52,"minecraft:warped_button":1,"minecraft:flint_and_steel":136,"minecraft:waxed_copper_bulb":1,"minecraft:redstone":138,"minecraft:carved_pumpkin":10,"minecraft:spruce_planks":143,"minecraft:wither_skeleton_spawn_egg":5,"minecraft:trial_key":1,"minecraft:bamboo_door":4,"minecraft:torch":29,"minecraft:dirt":344,"minecraft:anvil":6,"minecraft:hopper":142,"minecraft:spruce_stairs":49,"minecraft:cobblestone_wall":249,"minecraft:stone_stairs":81,"minecraft:shulker_box":8,"minecraft:spruce_fence":136,"minecraft:stone_brick_slab":129,"minecraft:bamboo_fence":3,"minecraft:iron_block":718,"minecraft:oak_stairs":27,"minecraft:cherry_slab":27,"minecraft:slime_block":181,"minecraft:smooth_sandstone":20,"minecraft:polished_deepslate_wall":7,"minecraft:cherry_trapdoor":18,"minecraft:totem_of_undying":6,"minecraft:barrel":151,"minecraft:bamboo":9,"minecraft:emerald_block":198,"minecraft:wolf_spawn_egg":7,"minecraft:netherite_pickaxe":6003,"minecraft:minecart":38,"minecraft:cherry_fence":11,"minecraft:pumpkin":3,"minecraft:zombified_piglin_spawn_egg":1,"minecraft:turtle_egg":5,"minecraft:observer":67,"minecraft:bamboo_planks":201,"minecraft:water_bucket":233,"minecraft:birch_planks":85,"minecraft:yellow_shulker_box":17,"minecraft:netherite_chestplate":9,"minecraft:beacon":10,"minecraft:mossy_cobblestone":1,"minecraft:polished_deepslate_slab":8,"minecraft:rail":142,"minecraft:comparator":4,"minecraft:tnt":3,"minecraft:crafting_table":9,"minecraft:red_bed":23,"minecraft:bamboo_block":27,"minecraft:white_bed":13,"minecraft:piston":41,"minecraft:amethyst_cluster":5,"minecraft:deepslate_tile_wall":4,"minecraft:oak_log":4,"minecraft:mud":9,"minecraft:cornflower":2,"minecraft:oxeye_daisy":1,"minecraft:diamond_shovel":4121,"minecraft:wind_charge":44,"minecraft:netherite_axe":808,"minecraft:stone_slab":1675,"minecraft:spruce_trapdoor":209,"minecraft:bamboo_slab":73,"minecraft:copper_bulb":2,"minecraft:cobblestone":236,"minecraft:potion":3,"minecraft:cherry_stairs":9,"minecraft:bucket":100,"minecraft:wither_rose":560,"minecraft:dandelion":8,"minecraft:splash_potion":83,"minecraft:candle":1,"minecraft:smooth_stone":331},"minecraft:crafted":{"minecraft:black_dye":8,"minecraft:oak_planks":116,"minecraft:barrel":82,"minecraft:pink_bed":2,"minecraft:lightning_rod":1,"minecraft:slime_block":7,"minecraft:stone":25,"minecraft:lever":3,"minecraft:bamboo_door":3,"minecraft:quartz_block":29,"minecraft:hopper":125,"minecraft:stone_brick_slab":108,"minecraft:bow":1,"minecraft:beacon":4,"minecraft:chest":212,"minecraft:black_wool":8,"minecraft:stone_bricks":1608,"minecraft:quartz_stairs":16,"minecraft:oak_slab":126,"minecraft:emerald":380,"minecraft:crafting_table":5,"minecraft:red_wool":60,"minecraft:copper_ingot":3,"minecraft:sticky_piston":4,"minecraft:gold_block":62,"minecraft:dispenser":1,"minecraft:stone_brick_stairs":20,"minecraft:bamboo_planks":3382,"minecraft:paper":189,"minecraft:pink_wool":7,"minecraft:emerald_block":55,"minecraft:stick":84,"minecraft:stone_slab":6,"minecraft:iron_ingot":18,"minecraft:iron_block":538,"minecraft:gold_ingot":220,"minecraft:black_bed":2,"minecraft:redstone_torch":28,"minecraft:redstone":126,"minecraft:stone_brick_wall":450,"minecraft:fishing_rod":1,"minecraft:bamboo_fence":3,"minecraft:wind_charge":136,"minecraft:piston":24,"minecraft:bamboo_sign":15,"minecraft:bone_meal":192,"minecraft:pink_dye":8,"minecraft:bamboo_stairs":12,"minecraft:stone_stairs":288,"minecraft:scaffolding":576,"minecraft:white_concrete_powder":160,"minecraft:ladder":12,"minecraft:minecart":10,"minecraft:sugar":64,"minecraft:red_dye":64,"minecraft:red_bed":2,"minecraft:bucket":5,"minecraft:red_carpet":12,"minecraft:air":0,"minecraft:bamboo_slab":402,"minecraft:white_wool":256,"minecraft:white_dye":64,"minecraft:white_bed":13,"minecraft:bamboo_trapdoor":132,"minecraft:carrot_on_a_stick":1,"minecraft:firework_rocket":564}},"DataVersion":3953}