{"stats":{"minecraft:custom":{"minecraft:interact_with_crafting_table":24,"minecraft:open_barrel":6,"minecraft:open_shulker_box":14,"minecraft:leave_game":7,"minecraft:time_since_death":615376,"minecraft:sprint_one_cm":602977,"minecraft:damage_blocked_by_shield":15,"minecraft:drop":151,"minecraft:talked_to_villager":213,"minecraft:play_time":768116,"minecraft:deaths":1,"minecraft:jump":4013,"minecraft:walk_on_water_one_cm":17026,"minecraft:interact_with_furnace":9,"minecraft:traded_with_villager":380,"minecraft:sleep_in_bed":24,"minecraft:damage_dealt":62688,"minecraft:interact_with_beacon":8,"minecraft:crouch_one_cm":97596,"minecraft:interact_with_smithing_table":1,"minecraft:mob_kills":517,"minecraft:interact_with_anvil":15,"minecraft:inspect_hopper":34,"minecraft:walk_one_cm":1407180,"minecraft:sneak_time":37681,"minecraft:walk_under_water_one_cm":96901,"minecraft:total_world_time":768116,"minecraft:tune_noteblock":15,"minecraft:time_since_rest":8390,"minecraft:damage_taken":4046,"minecraft:minecart_one_cm":12688,"minecraft:swim_one_cm":18826,"minecraft:fly_one_cm":2043658,"minecraft:open_chest":282,"minecraft:aviate_one_cm":4063057,"minecraft:fall_one_cm":96045},"minecraft:picked_up":{"minecraft:anvil":2,"minecraft:smithing_table":1,"minecraft:lead":2,"minecraft:wither_rose":9,"minecraft:string":9,"minecraft:raw_copper":137,"minecraft:diamond_leggings":1,"minecraft:gold_nugget":1,"minecraft:bucket":1,"minecraft:cobblestone_slab":5,"minecraft:furnace":2,"minecraft:golden_helmet":1,"minecraft:orange_shulker_box":1,"minecraft:torch":11,"minecraft:bamboo_slab":107,"minecraft:lightning_rod":1,"minecraft:diorite":16,"minecraft:quartz_block":1,"minecraft:bamboo_block":92,"minecraft:stone_sword":16,"minecraft:rotten_flesh":4,"minecraft:iron_block":176,"minecraft:netherite_chestplate":1,"minecraft:obsidian":25,"minecraft:snowball":9,"minecraft:cobblestone":1359,"minecraft:sponge":1,"minecraft:repeater":1,"minecraft:water_bucket":1,"minecraft:beacon":3,"minecraft:flint":2,"minecraft:wither_skeleton_skull":14,"minecraft:netherite_leggings":1,"minecraft:dirt":608,"minecraft:lantern":2,"minecraft:bone":424,"minecraft:stonecutter":1,"minecraft:wheat_seeds":61,"minecraft:diamond_helmet":1,"minecraft:bamboo":1784,"minecraft:powered_rail":33,"minecraft:oak_planks":23,"minecraft:sand":211,"minecraft:ink_sac":8,"minecraft:grass_block":808,"minecraft:barrel":64,"minecraft:shulker_box":1,"minecraft:slime_block":11,"minecraft:netherite_helmet":1,"minecraft:crossbow":2,"minecraft:white_concrete":93,"minecraft:emerald":2,"minecraft:netherrack":41,"minecraft:dark_oak_fence":3,"minecraft:nether_star":4,"minecraft:crafting_table":2,"minecraft:ominous_bottle":1,"minecraft:ladder":2,"minecraft:brown_mushroom":1,"minecraft:gold_block":2,"minecraft:red_bed":10,"minecraft:flint_and_steel":1,"minecraft:andesite_stairs":1,"minecraft:oak_boat":1,"minecraft:observer":1,"minecraft:poppy":2,"minecraft:minecart":24,"minecraft:quartz_stairs":4,"minecraft:chest":5,"minecraft:raw_iron":8,"minecraft:end_stone":56,"minecraft:copper_ingot":31,"minecraft:redstone":7,"minecraft:netherite_pickaxe":1,"minecraft:arrow":6,"minecraft:diamond_chestplate":1,"minecraft:diamond_boots":1,"minecraft:rail":8,"minecraft:bamboo_stairs":9,"minecraft:netherite_boots":1,"minecraft:yellow_shulker_box":2,"minecraft:leather":7,"minecraft:cobblestone_wall":5,"minecraft:gunpowder":2,"minecraft:cobblestone_stairs":5,"minecraft:white_banner":1,"minecraft:red_carpet":31,"minecraft:stone_bricks":53,"minecraft:spore_blossom":2,"minecraft:soul_sand":53,"minecraft:pink_bed":2,"minecraft:dark_oak_slab":1,"minecraft:emerald_block":4,"minecraft:bamboo_planks":10,"minecraft:red_wool":45,"minecraft:quartz":116,"minecraft:gravel":109,"minecraft:amethyst_shard":8,"minecraft:firework_rocket":3,"minecraft:bamboo_trapdoor":9,"minecraft:white_concrete_powder":25,"minecraft:hopper":6,"minecraft:coal":300,"minecraft:ender_pearl":42},"minecraft:crafted":{"minecraft:black_dye":8,"minecraft:barrel":20,"minecraft:pink_bed":2,"minecraft:lightning_rod":1,"minecraft:hopper":64,"minecraft:quartz_block":29,"minecraft:beacon":4,"minecraft:chest":112,"minecraft:black_wool":8,"minecraft:quartz_stairs":16,"minecraft:emerald":380,"minecraft:crafting_table":1,"minecraft:red_wool":60,"minecraft:copper_ingot":3,"minecraft:gold_block":34,"minecraft:bamboo_planks":1792,"minecraft:emerald_block":49,"minecraft:paper":63,"minecraft:pink_wool":7,"minecraft:iron_block":191,"minecraft:black_bed":2,"minecraft:bone_meal":192,"minecraft:pink_dye":8,"minecraft:bamboo_stairs":12,"minecraft:white_concrete_powder":160,"minecraft:minecart":10,"minecraft:red_dye":64,"minecraft:red_bed":2,"minecraft:bucket":1,"minecraft:red_carpet":12,"minecraft:air":0,"minecraft:bamboo_slab":402,"minecraft:white_wool":128,"minecraft:white_dye":64,"minecraft:bamboo_trapdoor":132,"minecraft:firework_rocket":186},"minecraft:dropped":{"minecraft:bamboo_trapdoor":64,"minecraft:diamond_axe":1,"minecraft:dark_oak_slab":1,"minecraft:crossbow":2,"minecraft:lantern":2,"minecraft:leather":7,"minecraft:elytra":2,"minecraft:rail":1,"minecraft:red_carpet":12,"minecraft:flint":4,"minecraft:cobblestone_stairs":5,"minecraft:dirt":45,"minecraft:wither_skeleton_spawn_egg":1,"minecraft:dark_oak_fence":1,"minecraft:netherite_boots":3,"minecraft:amethyst_shard":4,"minecraft:white_wool":53,"minecraft:bone":90,"minecraft:sugar_cane":1,"minecraft:pink_bed":4,"minecraft:golden_chestplate":2,"minecraft:pink_dye":1,"minecraft:netherite_sword":3,"minecraft:obsidian":1,"minecraft:rotten_flesh":3,"minecraft:oak_planks":18,"minecraft:diamond_shovel":2,"minecraft:carrot":72,"minecraft:gunpowder":1,"minecraft:piglin_spawn_egg":1,"minecraft:quartz_block":5,"minecraft:white_dye":21,"minecraft:arrow":1,"minecraft:powered_rail":7,"minecraft:glass":1,"minecraft:netherrack":41,"minecraft:firework_rocket":129,"minecraft:water_bucket":1,"minecraft:wolf_spawn_egg":1,"minecraft:netherite_pickaxe":2,"minecraft:wheat_seeds":4,"minecraft:golden_helmet":1,"minecraft:minecart":9,"minecraft:diamond_leggings":2,"minecraft:netherite_chestplate":2,"minecraft:netherite_axe":1,"minecraft:netherite_helmet":3,"minecraft:cobblestone":4,"minecraft:coal":11,"minecraft:cobweb":1,"minecraft:sponge":1,"minecraft:torch":3,"minecraft:diamond_helmet":2,"minecraft:wither_rose":2,"minecraft:bamboo_slab":396,"minecraft:string":1,"minecraft:bamboo_planks":3,"minecraft:furnace":2,"minecraft:stone_sword":3,"minecraft:cobblestone_wall":6,"minecraft:raw_copper":20,"minecraft:netherite_leggings":2,"minecraft:bamboo_stairs":2,"minecraft:wolf_armor":1,"minecraft:diamond_sword":1,"minecraft:diamond_chestplate":2,"minecraft:diamond_pickaxe":1,"minecraft:quartz_stairs":13,"minecraft:pink_wool":1,"minecraft:barrel":2,"minecraft:bamboo":228,"minecraft:diamond_boots":2,"minecraft:bow":1,"minecraft:white_stained_glass":1,"minecraft:black_wool":2},"minecraft:used":{"minecraft:black_carpet":2,"minecraft:white_concrete_powder":96,"minecraft:chest":54,"minecraft:shield":1,"minecraft:quartz_stairs":7,"minecraft:soul_sand":26,"minecraft:nether_bricks":123,"minecraft:crafter":4,"minecraft:carrot":126,"minecraft:obsidian":644,"minecraft:glass":143,"minecraft:lava_bucket":785,"minecraft:red_wool":61,"minecraft:lantern":4,"minecraft:grass_block":1695,"minecraft:quartz_block":1,"minecraft:mossy_cobblestone_slab":266,"minecraft:cherry_leaves":76,"minecraft:hopper_minecart":49,"minecraft:stone_bricks":301,"minecraft:netherite_boots":1,"minecraft:repeater":12,"minecraft:red_carpet":31,"minecraft:bow":124,"minecraft:gold_block":37,"minecraft:dragon_head":2,"minecraft:bamboo_trapdoor":30,"minecraft:spruce_door":1,"minecraft:wither_skeleton_skull":12,"minecraft:powered_rail":392,"minecraft:oak_planks":27,"minecraft:ender_pearl":3,"minecraft:redstone_block":216,"minecraft:oak_leaves":172,"minecraft:bamboo_stairs":19,"minecraft:netherite_leggings":1,"minecraft:sponge":54,"minecraft:note_block":10,"minecraft:lingering_potion":6,"minecraft:black_bed":2,"minecraft:lightning_rod":2,"minecraft:sticky_piston":14,"minecraft:lever":3,"minecraft:firework_rocket":253,"minecraft:cherry_hanging_sign":3,"minecraft:string":4,"minecraft:bread":4,"minecraft:warped_slab":12,"minecraft:spore_blossom":2,"minecraft:flowering_azalea_leaves":6,"minecraft:wooden_sword":7,"minecraft:white_stained_glass":1060,"minecraft:piglin_spawn_egg":19,"minecraft:smooth_stone_slab":77,"minecraft:white_concrete":52,"minecraft:warped_button":1,"minecraft:cobweb":4,"minecraft:oak_trapdoor":2,"minecraft:netherite_sword":807,"minecraft:iron_bars":3,"minecraft:flint_and_steel":121,"minecraft:carved_pumpkin":3,"minecraft:redstone":53,"minecraft:wither_skeleton_spawn_egg":5,"minecraft:torch":16,"minecraft:dirt":17,"minecraft:anvil":5,"minecraft:hopper":52,"minecraft:cobblestone_wall":188,"minecraft:stone_stairs":4,"minecraft:iron_block":353,"minecraft:oak_stairs":27,"minecraft:cherry_slab":27,"minecraft:slime_block":126,"minecraft:polished_deepslate_wall":7,"minecraft:cherry_trapdoor":18,"minecraft:barrel":74,"minecraft:bamboo":3,"minecraft:emerald_block":168,"minecraft:wolf_spawn_egg":7,"minecraft:minecart":38,"minecraft:netherite_pickaxe":1774,"minecraft:cherry_fence":11,"minecraft:observer":45,"minecraft:turtle_egg":5,"minecraft:bamboo_planks":148,"minecraft:water_bucket":20,"minecraft:birch_planks":85,"minecraft:yellow_shulker_box":2,"minecraft:beacon":5,"minecraft:polished_deepslate_slab":8,"minecraft:rail":142,"minecraft:comparator":2,"minecraft:crafting_table":2,"minecraft:red_bed":11,"minecraft:bamboo_block":1,"minecraft:amethyst_cluster":5,"minecraft:oak_log":4,"minecraft:mud":7,"minecraft:diamond_shovel":1778,"minecraft:netherite_axe":176,"minecraft:stone_slab":1539,"minecraft:spruce_trapdoor":115,"minecraft:bamboo_slab":73,"minecraft:copper_bulb":2,"minecraft:cobblestone":159,"minecraft:cherry_stairs":9,"minecraft:bucket":30,"minecraft:wither_rose":560,"minecraft:splash_potion":83,"minecraft:smooth_stone":331},"minecraft:killed":{"minecraft:zombified_piglin":8,"minecraft:spider":1,"minecraft:wither":4,"minecraft:skeleton":3,"minecraft:silverfish":2,"minecraft:cat":1,"minecraft:wolf":1,"minecraft:piglin":8,"minecraft:creeper":6,"minecraft:pillager":18,"minecraft:trader_llama":2,"minecraft:zombie":4,"minecraft:blaze":2,"minecraft:drowned":1,"minecraft:wandering_trader":1,"minecraft:squid":3,"minecraft:wither_skeleton":381,"minecraft:villager":17,"minecraft:enderman":42},"minecraft:mined":{"minecraft:obsidian":22,"minecraft:grass_block":853,"minecraft:white_concrete":94,"minecraft:hopper":6,"minecraft:sticky_piston":2,"minecraft:iron_ore":2,"minecraft:fire":9,"minecraft:barrel":73,"minecraft:anvil":2,"minecraft:dirt_path":4,"minecraft:iron_block":176,"minecraft:tripwire":3,"minecraft:bamboo_slab":30,"minecraft:quartz_block":1,"minecraft:red_bed":10,"minecraft:bamboo_stairs":9,"minecraft:torch":9,"minecraft:poppy":2,"minecraft:beacon":3,"minecraft:chest":6,"minecraft:glass":18,"minecraft:nether_quartz_ore":48,"minecraft:cobblestone":52,"minecraft:slime_block":12,"minecraft:oak_planks":1,"minecraft:dark_oak_slab":1,"minecraft:bamboo_planks":13,"minecraft:oak_log":5,"minecraft:sand":221,"minecraft:dirt":483,"minecraft:netherrack":114,"minecraft:emerald_block":4,"minecraft:red_carpet":30,"minecraft:quartz_stairs":4,"minecraft:red_stained_glass":1,"minecraft:shulker_box":1,"minecraft:end_stone":60,"minecraft:dark_oak_fence":6,"minecraft:white_stained_glass":3,"minecraft:redstone_wire":3,"minecraft:furnace":2,"minecraft:gold_block":2,"minecraft:cobblestone_slab":5,"minecraft:rail":6,"minecraft:bamboo":3,"minecraft:stone":995,"minecraft:yellow_shulker_box":1,"minecraft:smithing_table":1,"minecraft:red_wool":48,"minecraft:soul_sand":54,"minecraft:observer":2,"minecraft:crafting_table":1,"minecraft:short_grass":181,"minecraft:lightning_rod":1,"minecraft:tall_grass":10,"minecraft:copper_ore":19,"minecraft:diorite":16,"minecraft:bamboo_trapdoor":9,"minecraft:bee_nest":1,"minecraft:coal_ore":20,"minecraft:gravel":113,"minecraft:stone_bricks":54,"minecraft:infested_stone":2},"minecraft:killed_by":{"minecraft:wither_skeleton":1}},"DataVersion":3953}