{"stats":{"minecraft:mined":{"minecraft:bamboo_slab":10,"minecraft:red_carpet":30,"minecraft:red_bed":9,"minecraft:bamboo_stairs":7,"minecraft:poppy":2,"minecraft:bamboo_trapdoor":2,"minecraft:bamboo_planks":2,"minecraft:netherrack":28},"minecraft:dropped":{"minecraft:wheat_seeds":3,"minecraft:diamond_axe":1,"minecraft:pink_bed":4,"minecraft:pink_dye":1,"minecraft:diamond_leggings":2,"minecraft:netherite_helmet":1,"minecraft:netherite_chestplate":1,"minecraft:diamond_shovel":1,"minecraft:carrot":57,"minecraft:netherite_leggings":1,"minecraft:diamond_sword":1,"minecraft:diamond_chestplate":2,"minecraft:torch":2,"minecraft:diamond_pickaxe":1,"minecraft:pink_wool":1,"minecraft:netherite_boots":1,"minecraft:diamond_helmet":2,"minecraft:bamboo":156,"minecraft:diamond_boots":2,"minecraft:white_wool":51,"minecraft:firework_rocket":1,"minecraft:bamboo_planks":2},"minecraft:killed":{"minecraft:squid":3,"minecraft:creeper":3},"minecraft:used":{"minecraft:bamboo_trapdoor":2,"minecraft:water_bucket":2,"minecraft:netherite_sword":6,"minecraft:birch_planks":85,"minecraft:yellow_shulker_box":1,"minecraft:redstone":47,"minecraft:powered_rail":392,"minecraft:oak_planks":27,"minecraft:chest":12,"minecraft:redstone_block":216,"minecraft:oak_leaves":172,"minecraft:bamboo_stairs":7,"minecraft:torch":8,"minecraft:dirt":12,"minecraft:rail":2,"minecraft:anvil":2,"minecraft:comparator":2,"minecraft:netherite_leggings":1,"minecraft:hopper":34,"minecraft:red_bed":9,"minecraft:crafter":4,"minecraft:carrot":11,"minecraft:note_block":10,"minecraft:obsidian":10,"minecraft:oak_log":4,"minecraft:sticky_piston":10,"minecraft:mud":7,"minecraft:lever":3,"minecraft:firework_rocket":59,"minecraft:grass_block":46,"minecraft:oak_stairs":27,"minecraft:bread":4,"minecraft:slime_block":93,"minecraft:netherite_axe":26,"minecraft:bamboo_slab":10,"minecraft:hopper_minecart":49,"minecraft:copper_bulb":2,"minecraft:bamboo":2,"minecraft:netherite_boots":1,"minecraft:red_carpet":31,"minecraft:wooden_sword":7,"minecraft:bow":14,"minecraft:white_stained_glass":469,"minecraft:netherite_pickaxe":33,"minecraft:observer":39,"minecraft:bamboo_planks":2},"minecraft:custom":{"minecraft:interact_with_smithing_table":1,"minecraft:interact_with_anvil":12,"minecraft:mob_kills":7,"minecraft:inspect_hopper":25,"minecraft:interact_with_crafting_table":7,"minecraft:tune_noteblock":14,"minecraft:open_shulker_box":6,"minecraft:leave_game":1,"minecraft:time_since_death":150904,"minecraft:sleep_in_bed":2,"minecraft:time_since_rest":25819,"minecraft:sprint_one_cm":117006,"minecraft:damage_taken":581,"minecraft:walk_one_cm":296350,"minecraft:drop":37,"minecraft:damage_dealt":743,"minecraft:swim_one_cm":18826,"minecraft:fly_one_cm":382586,"minecraft:open_chest":78,"minecraft:crouch_one_cm":11328,"minecraft:play_time":150904,"minecraft:sneak_time":4383,"minecraft:walk_under_water_one_cm":81073,"minecraft:aviate_one_cm":1286985,"minecraft:jump":598,"minecraft:walk_on_water_one_cm":4092,"minecraft:total_world_time":150904,"minecraft:fall_one_cm":14538},"minecraft:crafted":{"minecraft:black_dye":8,"minecraft:red_dye":64,"minecraft:barrel":2,"minecraft:pink_bed":2,"minecraft:red_bed":2,"minecraft:red_wool":60,"minecraft:red_carpet":12,"minecraft:pink_dye":8,"minecraft:bamboo_stairs":12,"minecraft:bamboo_slab":18,"minecraft:bamboo_planks":128,"minecraft:white_wool":128,"minecraft:pink_wool":7,"minecraft:black_bed":2,"minecraft:black_wool":8,"minecraft:bamboo_trapdoor":4},"minecraft:picked_up":{"minecraft:bamboo_stairs":7,"minecraft:netherite_boots":1,"minecraft:crafting_table":1,"minecraft:yellow_shulker_box":1,"minecraft:gunpowder":2,"minecraft:netherite_leggings":1,"minecraft:dirt":128,"minecraft:red_bed":9,"minecraft:red_carpet":31,"minecraft:diamond_leggings":1,"minecraft:wheat_seeds":22,"minecraft:bucket":1,"minecraft:oak_boat":1,"minecraft:poppy":2,"minecraft:diamond_helmet":1,"minecraft:bamboo":1715,"minecraft:powered_rail":33,"minecraft:chest":2,"minecraft:pink_bed":2,"minecraft:orange_shulker_box":1,"minecraft:bamboo_planks":3,"minecraft:torch":2,"minecraft:bamboo_slab":10,"minecraft:sand":19,"minecraft:ink_sac":8,"minecraft:redstone":1,"minecraft:bamboo_block":6,"minecraft:bamboo_trapdoor":2,"minecraft:diamond_chestplate":1,"minecraft:netherite_helmet":1,"minecraft:diamond_boots":1,"minecraft:netherite_chestplate":1,"minecraft:netherrack":13,"minecraft:obsidian":2,"minecraft:rail":1,"minecraft:ender_pearl":32}},"DataVersion":3953}