{"stats":{"minecraft:dropped":{"minecraft:wheat_seeds":4,"minecraft:diamond_axe":1,"minecraft:diamond_leggings":2,"minecraft:netherite_chestplate":1,"minecraft:netherite_helmet":1,"minecraft:torch":2,"minecraft:netherite_boots":1,"minecraft:diamond_helmet":2,"minecraft:wither_rose":1,"minecraft:white_wool":51,"minecraft:bamboo_planks":3,"minecraft:pink_bed":4,"minecraft:netherite_sword":1,"minecraft:pink_dye":1,"minecraft:obsidian":1,"minecraft:rotten_flesh":1,"minecraft:diamond_shovel":1,"minecraft:carrot":57,"minecraft:netherite_leggings":1,"minecraft:diamond_sword":1,"minecraft:diamond_chestplate":2,"minecraft:diamond_pickaxe":1,"minecraft:pink_wool":1,"minecraft:bamboo":156,"minecraft:diamond_boots":2,"minecraft:firework_rocket":1},"minecraft:used":{"minecraft:netherite_sword":57,"minecraft:flint_and_steel":59,"minecraft:redstone":47,"minecraft:black_carpet":2,"minecraft:chest":19,"minecraft:torch":8,"minecraft:dirt":16,"minecraft:anvil":4,"minecraft:hopper":40,"minecraft:crafter":4,"minecraft:cobblestone_wall":25,"minecraft:carrot":19,"minecraft:obsidian":448,"minecraft:lava_bucket":512,"minecraft:grass_block":486,"minecraft:oak_stairs":27,"minecraft:slime_block":93,"minecraft:mossy_cobblestone_slab":266,"minecraft:hopper_minecart":49,"minecraft:barrel":1,"minecraft:stone_bricks":273,"minecraft:bamboo":2,"minecraft:netherite_boots":1,"minecraft:red_carpet":31,"minecraft:bow":30,"minecraft:netherite_pickaxe":93,"minecraft:observer":39,"minecraft:bamboo_planks":59,"minecraft:bamboo_trapdoor":8,"minecraft:water_bucket":2,"minecraft:birch_planks":85,"minecraft:yellow_shulker_box":1,"minecraft:powered_rail":392,"minecraft:oak_planks":27,"minecraft:redstone_block":216,"minecraft:oak_leaves":172,"minecraft:bamboo_stairs":19,"minecraft:rail":2,"minecraft:comparator":2,"minecraft:netherite_leggings":1,"minecraft:red_bed":10,"minecraft:note_block":10,"minecraft:black_bed":2,"minecraft:lightning_rod":1,"minecraft:oak_log":4,"minecraft:sticky_piston":10,"minecraft:mud":7,"minecraft:lever":3,"minecraft:firework_rocket":69,"minecraft:bread":4,"minecraft:netherite_axe":37,"minecraft:stone_slab":550,"minecraft:spruce_trapdoor":89,"minecraft:bamboo_slab":16,"minecraft:copper_bulb":2,"minecraft:wooden_sword":7,"minecraft:white_stained_glass":790,"minecraft:piglin_spawn_egg":11,"minecraft:wither_rose":213,"minecraft:splash_potion":29},"minecraft:picked_up":{"minecraft:crafting_table":1,"minecraft:brown_mushroom":1,"minecraft:wither_rose":9,"minecraft:red_bed":9,"minecraft:raw_copper":46,"minecraft:diamond_leggings":1,"minecraft:bucket":1,"minecraft:oak_boat":1,"minecraft:poppy":2,"minecraft:chest":2,"minecraft:orange_shulker_box":1,"minecraft:torch":2,"minecraft:bamboo_slab":10,"minecraft:redstone":1,"minecraft:bamboo_block":6,"minecraft:diamond_chestplate":1,"minecraft:arrow":2,"minecraft:rotten_flesh":1,"minecraft:diamond_boots":1,"minecraft:netherite_chestplate":1,"minecraft:obsidian":2,"minecraft:cobblestone":2,"minecraft:rail":1,"minecraft:bamboo_stairs":9,"minecraft:netherite_boots":1,"minecraft:yellow_shulker_box":1,"minecraft:gunpowder":2,"minecraft:netherite_leggings":1,"minecraft:dirt":128,"minecraft:red_carpet":31,"minecraft:bone":13,"minecraft:stone_bricks":51,"minecraft:wheat_seeds":23,"minecraft:powered_rail":33,"minecraft:bamboo":1715,"minecraft:diamond_helmet":1,"minecraft:pink_bed":2,"minecraft:bamboo_planks":3,"minecraft:sand":19,"minecraft:ink_sac":8,"minecraft:barrel":1,"minecraft:bamboo_trapdoor":4,"minecraft:netherite_helmet":1,"minecraft:netherrack":13,"minecraft:coal":3,"minecraft:ender_pearl":32},"minecraft:killed":{"minecraft:zombified_piglin":8,"minecraft:spider":1,"minecraft:skeleton":1,"minecraft:piglin":2,"minecraft:creeper":4,"minecraft:squid":3,"minecraft:zombie":2,"minecraft:wither_skeleton":14,"minecraft:blaze":1},"minecraft:killed_by":{"minecraft:wither_skeleton":1},"minecraft:crafted":{"minecraft:black_dye":8,"minecraft:barrel":2,"minecraft:pink_bed":2,"minecraft:lightning_rod":1,"minecraft:pink_dye":8,"minecraft:bamboo_stairs":12,"minecraft:black_wool":8,"minecraft:red_dye":64,"minecraft:red_bed":2,"minecraft:red_wool":60,"minecraft:copper_ingot":3,"minecraft:red_carpet":12,"minecraft:air":0,"minecraft:bamboo_slab":18,"minecraft:bamboo_planks":128,"minecraft:white_wool":128,"minecraft:pink_wool":7,"minecraft:black_bed":2,"minecraft:bamboo_trapdoor":4},"minecraft:custom":{"minecraft:interact_with_smithing_table":1,"minecraft:mob_kills":38,"minecraft:interact_with_anvil":14,"minecraft:inspect_hopper":25,"minecraft:interact_with_crafting_table":8,"minecraft:open_barrel":2,"minecraft:open_shulker_box":6,"minecraft:leave_game":4,"minecraft:time_since_death":145553,"minecraft:sprint_one_cm":159640,"minecraft:walk_one_cm":446946,"minecraft:drop":43,"minecraft:play_time":298193,"minecraft:deaths":1,"minecraft:sneak_time":12885,"minecraft:walk_under_water_one_cm":81073,"minecraft:jump":1141,"minecraft:walk_on_water_one_cm":4092,"minecraft:total_world_time":298193,"minecraft:interact_with_furnace":4,"minecraft:tune_noteblock":14,"minecraft:sleep_in_bed":4,"minecraft:time_since_rest":135392,"minecraft:damage_taken":980,"minecraft:damage_dealt":3643,"minecraft:swim_one_cm":18826,"minecraft:fly_one_cm":996625,"minecraft:open_chest":104,"minecraft:crouch_one_cm":21604,"minecraft:aviate_one_cm":1570993,"minecraft:fall_one_cm":20900},"minecraft:mined":{"minecraft:red_carpet":30,"minecraft:barrel":1,"minecraft:fire":7,"minecraft:stone":2,"minecraft:bamboo_slab":10,"minecraft:red_bed":9,"minecraft:bamboo_stairs":9,"minecraft:short_grass":7,"minecraft:poppy":2,"minecraft:copper_ore":6,"minecraft:bamboo_trapdoor":4,"minecraft:bamboo_planks":2,"minecraft:oak_log":5,"minecraft:stone_bricks":52,"minecraft:netherrack":28}},"DataVersion":3953}