{"stats":{"minecraft:mined":{"minecraft:bamboo_slab":10,"minecraft:red_carpet":30,"minecraft:red_bed":9,"minecraft:bamboo_stairs":7,"minecraft:poppy":2,"minecraft:bamboo_trapdoor":2,"minecraft:bamboo_planks":2},"minecraft:dropped":{"minecraft:wheat_seeds":3,"minecraft:diamond_axe":1,"minecraft:pink_bed":4,"minecraft:pink_dye":1,"minecraft:diamond_leggings":2,"minecraft:netherite_helmet":1,"minecraft:netherite_chestplate":1,"minecraft:diamond_shovel":1,"minecraft:carrot":57,"minecraft:netherite_leggings":1,"minecraft:diamond_sword":1,"minecraft:diamond_chestplate":2,"minecraft:torch":2,"minecraft:diamond_pickaxe":1,"minecraft:pink_wool":1,"minecraft:netherite_boots":1,"minecraft:diamond_helmet":2,"minecraft:bamboo":156,"minecraft:diamond_boots":2,"minecraft:white_wool":51},"minecraft:killed":{"minecraft:creeper":3},"minecraft:used":{"minecraft:bamboo_trapdoor":2,"minecraft:water_bucket":2,"minecraft:netherite_sword":1,"minecraft:birch_planks":85,"minecraft:yellow_shulker_box":1,"minecraft:redstone":47,"minecraft:powered_rail":392,"minecraft:oak_planks":27,"minecraft:chest":12,"minecraft:redstone_block":216,"minecraft:oak_leaves":172,"minecraft:bamboo_stairs":7,"minecraft:torch":8,"minecraft:dirt":12,"minecraft:rail":2,"minecraft:anvil":2,"minecraft:comparator":2,"minecraft:netherite_leggings":1,"minecraft:hopper":34,"minecraft:red_bed":9,"minecraft:crafter":4,"minecraft:carrot":7,"minecraft:note_block":10,"minecraft:obsidian":10,"minecraft:oak_log":4,"minecraft:sticky_piston":10,"minecraft:mud":7,"minecraft:lever":3,"minecraft:firework_rocket":15,"minecraft:grass_block":46,"minecraft:oak_stairs":27,"minecraft:bread":1,"minecraft:slime_block":93,"minecraft:netherite_axe":26,"minecraft:bamboo_slab":10,"minecraft:hopper_minecart":49,"minecraft:copper_bulb":2,"minecraft:bamboo":2,"minecraft:netherite_boots":1,"minecraft:red_carpet":31,"minecraft:wooden_sword":7,"minecraft:bow":3,"minecraft:white_stained_glass":469,"minecraft:netherite_pickaxe":5,"minecraft:observer":39,"minecraft:bamboo_planks":2},"minecraft:custom":{"minecraft:interact_with_anvil":12,"minecraft:mob_kills":3,"minecraft:inspect_hopper":25,"minecraft:interact_with_crafting_table":6,"minecraft:tune_noteblock":14,"minecraft:open_shulker_box":5,"minecraft:leave_game":1,"minecraft:time_since_death":138904,"minecraft:sleep_in_bed":2,"minecraft:time_since_rest":13819,"minecraft:sprint_one_cm":104274,"minecraft:damage_taken":179,"minecraft:walk_one_cm":282912,"minecraft:drop":34,"minecraft:damage_dealt":487,"minecraft:swim_one_cm":7456,"minecraft:fly_one_cm":370232,"minecraft:open_chest":65,"minecraft:crouch_one_cm":11328,"minecraft:play_time":138904,"minecraft:sneak_time":4327,"minecraft:walk_under_water_one_cm":2673,"minecraft:aviate_one_cm":295700,"minecraft:jump":538,"minecraft:walk_on_water_one_cm":1656,"minecraft:total_world_time":138904,"minecraft:fall_one_cm":11260},"minecraft:crafted":{"minecraft:red_dye":64,"minecraft:barrel":2,"minecraft:pink_bed":2,"minecraft:red_bed":2,"minecraft:red_wool":60,"minecraft:red_carpet":12,"minecraft:pink_dye":8,"minecraft:bamboo_stairs":12,"minecraft:bamboo_slab":18,"minecraft:bamboo_planks":128,"minecraft:white_wool":128,"minecraft:pink_wool":7,"minecraft:bamboo_trapdoor":4},"minecraft:picked_up":{"minecraft:bamboo_stairs":7,"minecraft:netherite_boots":1,"minecraft:crafting_table":1,"minecraft:yellow_shulker_box":1,"minecraft:gunpowder":2,"minecraft:netherite_leggings":1,"minecraft:dirt":128,"minecraft:red_bed":9,"minecraft:red_carpet":31,"minecraft:diamond_leggings":1,"minecraft:wheat_seeds":22,"minecraft:bucket":1,"minecraft:oak_boat":1,"minecraft:poppy":2,"minecraft:diamond_helmet":1,"minecraft:bamboo":1715,"minecraft:powered_rail":33,"minecraft:chest":2,"minecraft:pink_bed":2,"minecraft:orange_shulker_box":1,"minecraft:bamboo_planks":2,"minecraft:torch":2,"minecraft:bamboo_slab":10,"minecraft:sand":19,"minecraft:redstone":1,"minecraft:bamboo_block":6,"minecraft:bamboo_trapdoor":2,"minecraft:diamond_chestplate":1,"minecraft:netherite_helmet":1,"minecraft:diamond_boots":1,"minecraft:netherite_chestplate":1,"minecraft:obsidian":2,"minecraft:rail":1,"minecraft:ender_pearl":32}},"DataVersion":3953}