{"stats":{"minecraft:picked_up":{"minecraft:crafting_table":2,"minecraft:ladder":2,"minecraft:anvil":2,"minecraft:smithing_table":1,"minecraft:brown_mushroom":1,"minecraft:lead":2,"minecraft:wither_rose":9,"minecraft:gold_block":1,"minecraft:red_bed":9,"minecraft:raw_copper":117,"minecraft:diamond_leggings":1,"minecraft:gold_nugget":1,"minecraft:bucket":1,"minecraft:andesite_stairs":1,"minecraft:oak_boat":1,"minecraft:cobblestone_slab":5,"minecraft:poppy":2,"minecraft:quartz_stairs":4,"minecraft:chest":5,"minecraft:furnace":2,"minecraft:raw_iron":8,"minecraft:orange_shulker_box":1,"minecraft:end_stone":56,"minecraft:copper_ingot":31,"minecraft:torch":2,"minecraft:bamboo_slab":10,"minecraft:lightning_rod":1,"minecraft:diorite":16,"minecraft:redstone":1,"minecraft:quartz_block":1,"minecraft:bamboo_block":6,"minecraft:stone_sword":16,"minecraft:arrow":2,"minecraft:rotten_flesh":4,"minecraft:diamond_chestplate":1,"minecraft:diamond_boots":1,"minecraft:iron_block":4,"minecraft:netherite_chestplate":1,"minecraft:obsidian":25,"minecraft:snowball":9,"minecraft:rail":1,"minecraft:cobblestone":1141,"minecraft:sponge":1,"minecraft:bamboo_stairs":9,"minecraft:netherite_boots":1,"minecraft:yellow_shulker_box":2,"minecraft:repeater":1,"minecraft:water_bucket":1,"minecraft:leather":7,"minecraft:gunpowder":2,"minecraft:wither_skeleton_skull":14,"minecraft:netherite_leggings":1,"minecraft:dirt":303,"minecraft:lantern":2,"minecraft:red_carpet":31,"minecraft:bone":420,"minecraft:stone_bricks":52,"minecraft:stonecutter":1,"minecraft:wheat_seeds":61,"minecraft:spore_blossom":2,"minecraft:diamond_helmet":1,"minecraft:bamboo":1715,"minecraft:powered_rail":33,"minecraft:oak_planks":22,"minecraft:soul_sand":53,"minecraft:pink_bed":2,"minecraft:bamboo_planks":3,"minecraft:red_wool":45,"minecraft:quartz":116,"minecraft:gravel":109,"minecraft:sand":211,"minecraft:amethyst_shard":8,"minecraft:ink_sac":8,"minecraft:grass_block":683,"minecraft:barrel":1,"minecraft:bamboo_trapdoor":4,"minecraft:white_concrete_powder":25,"minecraft:netherite_helmet":1,"minecraft:crossbow":1,"minecraft:white_concrete":93,"minecraft:netherrack":41,"minecraft:coal":300,"minecraft:hopper":6,"minecraft:nether_star":4,"minecraft:ender_pearl":42},"minecraft:used":{"minecraft:oak_trapdoor":2,"minecraft:netherite_sword":733,"minecraft:iron_bars":3,"minecraft:flint_and_steel":94,"minecraft:carved_pumpkin":3,"minecraft:redstone":47,"minecraft:black_carpet":2,"minecraft:white_concrete_powder":96,"minecraft:shield":1,"minecraft:chest":50,"minecraft:wither_skeleton_spawn_egg":5,"minecraft:quartz_stairs":7,"minecraft:torch":16,"minecraft:dirt":17,"minecraft:soul_sand":26,"minecraft:anvil":5,"minecraft:hopper":51,"minecraft:nether_bricks":123,"minecraft:crafter":4,"minecraft:cobblestone_wall":188,"minecraft:carrot":58,"minecraft:stone_stairs":4,"minecraft:obsidian":644,"minecraft:glass":143,"minecraft:lava_bucket":776,"minecraft:cherry_slab":27,"minecraft:grass_block":1600,"minecraft:red_wool":61,"minecraft:iron_block":181,"minecraft:slime_block":93,"minecraft:lantern":4,"minecraft:oak_stairs":27,"minecraft:polished_deepslate_wall":7,"minecraft:quartz_block":1,"minecraft:cherry_trapdoor":18,"minecraft:mossy_cobblestone_slab":266,"minecraft:cherry_leaves":76,"minecraft:hopper_minecart":49,"minecraft:repeater":12,"minecraft:bamboo":2,"minecraft:netherite_boots":1,"minecraft:barrel":2,"minecraft:stone_bricks":300,"minecraft:red_carpet":31,"minecraft:bow":47,"minecraft:wolf_spawn_egg":7,"minecraft:netherite_pickaxe":1279,"minecraft:minecart":9,"minecraft:gold_block":37,"minecraft:dragon_head":2,"minecraft:cherry_fence":11,"minecraft:observer":39,"minecraft:turtle_egg":5,"minecraft:bamboo_planks":59,"minecraft:bamboo_trapdoor":8,"minecraft:water_bucket":11,"minecraft:wither_skeleton_skull":12,"minecraft:spruce_door":1,"minecraft:birch_planks":85,"minecraft:yellow_shulker_box":1,"minecraft:powered_rail":392,"minecraft:oak_planks":27,"minecraft:ender_pearl":3,"minecraft:redstone_block":216,"minecraft:beacon":1,"minecraft:oak_leaves":172,"minecraft:bamboo_stairs":19,"minecraft:polished_deepslate_slab":8,"minecraft:rail":10,"minecraft:comparator":2,"minecraft:netherite_leggings":1,"minecraft:crafting_table":2,"minecraft:red_bed":10,"minecraft:sponge":54,"minecraft:lingering_potion":6,"minecraft:black_bed":2,"minecraft:note_block":10,"minecraft:lightning_rod":2,"minecraft:amethyst_cluster":5,"minecraft:sticky_piston":10,"minecraft:oak_log":4,"minecraft:mud":7,"minecraft:lever":3,"minecraft:cherry_hanging_sign":3,"minecraft:firework_rocket":116,"minecraft:diamond_shovel":1352,"minecraft:bread":4,"minecraft:warped_slab":12,"minecraft:netherite_axe":53,"minecraft:spore_blossom":2,"minecraft:stone_slab":1539,"minecraft:spruce_trapdoor":115,"minecraft:bamboo_slab":16,"minecraft:flowering_azalea_leaves":6,"minecraft:copper_bulb":2,"minecraft:wooden_sword":7,"minecraft:cobblestone":137,"minecraft:cherry_stairs":9,"minecraft:white_stained_glass":1036,"minecraft:bucket":12,"minecraft:piglin_spawn_egg":19,"minecraft:smooth_stone_slab":77,"minecraft:splash_potion":83,"minecraft:wither_rose":560,"minecraft:white_concrete":52,"minecraft:cobweb":4,"minecraft:warped_button":1,"minecraft:smooth_stone":331},"minecraft:mined":{"minecraft:red_carpet":30,"minecraft:quartz_stairs":4,"minecraft:end_stone":60,"minecraft:obsidian":22,"minecraft:grass_block":727,"minecraft:white_stained_glass":1,"minecraft:white_concrete":94,"minecraft:hopper":6,"minecraft:furnace":2,"minecraft:iron_ore":2,"minecraft:barrel":1,"minecraft:fire":7,"minecraft:anvil":2,"minecraft:gold_block":1,"minecraft:cobblestone_slab":5,"minecraft:dirt_path":4,"minecraft:stone":731,"minecraft:iron_block":4,"minecraft:yellow_shulker_box":1,"minecraft:bamboo_slab":10,"minecraft:smithing_table":1,"minecraft:quartz_block":1,"minecraft:red_wool":48,"minecraft:red_bed":9,"minecraft:soul_sand":54,"minecraft:bamboo_stairs":9,"minecraft:crafting_table":1,"minecraft:short_grass":173,"minecraft:poppy":2,"minecraft:chest":6,"minecraft:lightning_rod":1,"minecraft:nether_quartz_ore":48,"minecraft:glass":18,"minecraft:copper_ore":15,"minecraft:tall_grass":10,"minecraft:cobblestone":35,"minecraft:diorite":16,"minecraft:bamboo_trapdoor":4,"minecraft:bamboo_planks":2,"minecraft:bee_nest":1,"minecraft:coal_ore":20,"minecraft:oak_log":5,"minecraft:gravel":113,"minecraft:sand":221,"minecraft:dirt":181,"minecraft:stone_bricks":53,"minecraft:netherrack":114},"minecraft:custom":{"minecraft:interact_with_smithing_table":1,"minecraft:interact_with_anvil":14,"minecraft:mob_kills":475,"minecraft:inspect_hopper":31,"minecraft:interact_with_crafting_table":18,"minecraft:open_barrel":2,"minecraft:open_shulker_box":10,"minecraft:leave_game":6,"minecraft:time_since_death":497368,"minecraft:sprint_one_cm":404780,"minecraft:walk_one_cm":1003819,"minecraft:damage_blocked_by_shield":15,"minecraft:drop":91,"minecraft:play_time":650108,"minecraft:sneak_time":33964,"minecraft:deaths":1,"minecraft:walk_under_water_one_cm":96901,"minecraft:jump":2631,"minecraft:walk_on_water_one_cm":15385,"minecraft:total_world_time":650108,"minecraft:interact_with_furnace":9,"minecraft:tune_noteblock":14,"minecraft:sleep_in_bed":14,"minecraft:time_since_rest":5994,"minecraft:damage_taken":1914,"minecraft:damage_dealt":57593,"minecraft:interact_with_beacon":2,"minecraft:swim_one_cm":18826,"minecraft:fly_one_cm":1715865,"minecraft:open_chest":225,"minecraft:crouch_one_cm":83098,"minecraft:aviate_one_cm":2493219,"minecraft:fall_one_cm":51274},"minecraft:killed":{"minecraft:zombified_piglin":8,"minecraft:spider":1,"minecraft:wither":4,"minecraft:skeleton":2,"minecraft:drowned":1,"minecraft:wolf":1,"minecraft:piglin":8,"minecraft:wandering_trader":1,"minecraft:squid":3,"minecraft:creeper":4,"minecraft:trader_llama":2,"minecraft:zombie":4,"minecraft:wither_skeleton":381,"minecraft:enderman":42,"minecraft:blaze":2},"minecraft:dropped":{"minecraft:water_bucket":1,"minecraft:wolf_spawn_egg":1,"minecraft:netherite_pickaxe":1,"minecraft:wheat_seeds":4,"minecraft:diamond_axe":1,"minecraft:minecart":1,"minecraft:netherite_axe":1,"minecraft:diamond_leggings":2,"minecraft:netherite_helmet":2,"minecraft:netherite_chestplate":2,"minecraft:crossbow":1,"minecraft:cobblestone":3,"minecraft:elytra":1,"minecraft:rail":1,"minecraft:coal":11,"minecraft:red_carpet":12,"minecraft:cobweb":1,"minecraft:wither_skeleton_spawn_egg":1,"minecraft:sponge":1,"minecraft:torch":3,"minecraft:netherite_boots":2,"minecraft:diamond_helmet":2,"minecraft:amethyst_shard":4,"minecraft:wither_rose":2,"minecraft:bamboo_slab":8,"minecraft:white_wool":53,"minecraft:bamboo_planks":3,"minecraft:bone":86,"minecraft:pink_bed":4,"minecraft:golden_chestplate":2,"minecraft:stone_sword":3,"minecraft:cobblestone_wall":1,"minecraft:netherite_sword":2,"minecraft:pink_dye":1,"minecraft:obsidian":1,"minecraft:rotten_flesh":1,"minecraft:diamond_shovel":2,"minecraft:carrot":57,"minecraft:netherite_leggings":2,"minecraft:bamboo_stairs":2,"minecraft:wolf_armor":1,"minecraft:diamond_sword":1,"minecraft:diamond_chestplate":2,"minecraft:piglin_spawn_egg":1,"minecraft:diamond_pickaxe":1,"minecraft:pink_wool":1,"minecraft:barrel":2,"minecraft:bamboo":156,"minecraft:diamond_boots":2,"minecraft:white_dye":21,"minecraft:bow":1,"minecraft:powered_rail":7,"minecraft:glass":1,"minecraft:white_stained_glass":1,"minecraft:netherrack":27,"minecraft:black_wool":2,"minecraft:firework_rocket":65},"minecraft:crafted":{"minecraft:black_dye":8,"minecraft:barrel":2,"minecraft:pink_bed":2,"minecraft:lightning_rod":1,"minecraft:bone_meal":192,"minecraft:pink_dye":8,"minecraft:bamboo_stairs":12,"minecraft:quartz_block":29,"minecraft:hopper":64,"minecraft:white_concrete_powder":160,"minecraft:beacon":4,"minecraft:chest":112,"minecraft:black_wool":8,"minecraft:red_dye":64,"minecraft:quartz_stairs":16,"minecraft:crafting_table":1,"minecraft:red_bed":2,"minecraft:red_wool":60,"minecraft:copper_ingot":3,"minecraft:gold_block":34,"minecraft:bucket":1,"minecraft:red_carpet":12,"minecraft:air":0,"minecraft:bamboo_slab":18,"minecraft:bamboo_planks":1024,"minecraft:white_wool":128,"minecraft:pink_wool":7,"minecraft:white_dye":64,"minecraft:iron_block":191,"minecraft:black_bed":2,"minecraft:bamboo_trapdoor":4},"minecraft:killed_by":{"minecraft:wither_skeleton":1}},"DataVersion":3953}