{"stats":{"minecraft:custom":{"minecraft:time_since_rest":83774,"minecraft:sprint_one_cm":27013,"minecraft:damage_taken":90,"minecraft:walk_one_cm":210700,"minecraft:mob_kills":2,"minecraft:drop":18,"minecraft:damage_dealt":420,"minecraft:inspect_hopper":25,"minecraft:swim_one_cm":7456,"minecraft:tune_noteblock":14,"minecraft:fly_one_cm":245108,"minecraft:open_chest":28,"minecraft:crouch_one_cm":11014,"minecraft:play_time":83774,"minecraft:sneak_time":4084,"minecraft:walk_under_water_one_cm":276,"minecraft:jump":249,"minecraft:walk_on_water_one_cm":1258,"minecraft:time_since_death":83774,"minecraft:total_world_time":83774,"minecraft:fall_one_cm":1674},"minecraft:killed":{"minecraft:creeper":2},"minecraft:picked_up":{"minecraft:crafting_table":1,"minecraft:yellow_shulker_box":1,"minecraft:orange_shulker_box":1,"minecraft:torch":2,"minecraft:sand":19,"minecraft:gunpowder":2,"minecraft:redstone":1,"minecraft:dirt":128,"minecraft:bamboo_block":6,"minecraft:wheat_seeds":22,"minecraft:bucket":1,"minecraft:oak_boat":1,"minecraft:bamboo":1715,"minecraft:powered_rail":33,"minecraft:chest":2,"minecraft:obsidian":2,"minecraft:rail":1,"minecraft:ender_pearl":32},"minecraft:used":{"minecraft:oak_log":4,"minecraft:water_bucket":2,"minecraft:sticky_piston":10,"minecraft:mud":7,"minecraft:lever":3,"minecraft:birch_planks":85,"minecraft:oak_stairs":27,"minecraft:grass_block":46,"minecraft:powered_rail":392,"minecraft:redstone":47,"minecraft:slime_block":93,"minecraft:oak_planks":27,"minecraft:chest":12,"minecraft:redstone_block":216,"minecraft:hopper_minecart":49,"minecraft:copper_bulb":2,"minecraft:bamboo":2,"minecraft:oak_leaves":172,"minecraft:torch":8,"minecraft:wooden_sword":7,"minecraft:dirt":12,"minecraft:rail":2,"minecraft:comparator":2,"minecraft:hopper":34,"minecraft:crafter":4,"minecraft:white_stained_glass":469,"minecraft:note_block":10,"minecraft:observer":39,"minecraft:obsidian":10},"minecraft:dropped":{"minecraft:diamond_sword":1,"minecraft:wheat_seeds":3,"minecraft:diamond_chestplate":1,"minecraft:diamond_axe":1,"minecraft:torch":2,"minecraft:diamond_pickaxe":1,"minecraft:diamond_leggings":1,"minecraft:diamond_helmet":1,"minecraft:bamboo":156,"minecraft:diamond_boots":1,"minecraft:diamond_shovel":1}},"DataVersion":3953}