{"stats":{"minecraft:picked_up":{"minecraft:anvil":2,"minecraft:smithing_table":1,"minecraft:lead":4,"minecraft:potion":1,"minecraft:wither_rose":9,"minecraft:enchanted_book":1,"minecraft:golden_sword":16,"minecraft:string":9,"minecraft:raw_copper":145,"minecraft:iron_leggings":1,"minecraft:experience_bottle":1,"minecraft:diamond_leggings":1,"minecraft:cobbled_deepslate":22,"minecraft:gold_nugget":82,"minecraft:bucket":1,"minecraft:cobblestone_slab":5,"minecraft:enchanted_golden_apple":3,"minecraft:furnace":2,"minecraft:golden_helmet":1,"minecraft:orange_shulker_box":1,"minecraft:torch":11,"minecraft:bamboo_slab":108,"minecraft:lightning_rod":1,"minecraft:diorite":22,"minecraft:quartz_block":1,"minecraft:bamboo_block":92,"minecraft:stone_sword":16,"minecraft:rotten_flesh":85,"minecraft:carved_pumpkin":3,"minecraft:iron_block":182,"minecraft:netherite_chestplate":1,"minecraft:obsidian":25,"minecraft:snowball":9,"minecraft:cobblestone":1743,"minecraft:sponge":1,"minecraft:repeater":1,"minecraft:water_bucket":1,"minecraft:andesite":10,"minecraft:beacon":4,"minecraft:flint":3,"minecraft:wither_skeleton_skull":14,"minecraft:netherite_leggings":1,"minecraft:dirt":613,"minecraft:lantern":2,"minecraft:disc_fragment_5":2,"minecraft:name_tag":1,"minecraft:bone":430,"minecraft:stonecutter":1,"minecraft:wheat_seeds":61,"minecraft:bell":1,"minecraft:glowstone_dust":3,"minecraft:diamond_helmet":1,"minecraft:bamboo":1818,"minecraft:powered_rail":33,"minecraft:oak_planks":23,"minecraft:music_disc_13":1,"minecraft:sand":211,"minecraft:ink_sac":8,"minecraft:grass_block":821,"minecraft:barrel":65,"minecraft:shulker_box":5,"minecraft:mossy_cobblestone":1,"minecraft:sugar":1,"minecraft:diamond":11,"minecraft:slime_block":11,"minecraft:netherite_helmet":1,"minecraft:crossbow":5,"minecraft:white_concrete":93,"minecraft:emerald":64,"minecraft:netherrack":41,"minecraft:dark_oak_fence":3,"minecraft:nether_star":4,"minecraft:crafting_table":2,"minecraft:ominous_bottle":1,"minecraft:ladder":2,"minecraft:brown_mushroom":1,"minecraft:gold_block":11,"minecraft:red_bed":10,"minecraft:iron_axe":1,"minecraft:flint_and_steel":1,"minecraft:candle":6,"minecraft:music_disc_otherside":1,"minecraft:echo_shard":6,"minecraft:andesite_stairs":1,"minecraft:oak_boat":1,"minecraft:observer":1,"minecraft:poppy":2,"minecraft:minecart":24,"minecraft:quartz_stairs":4,"minecraft:chest":5,"minecraft:raw_iron":8,"minecraft:end_stone":56,"minecraft:copper_ingot":31,"minecraft:redstone":38,"minecraft:netherite_pickaxe":1,"minecraft:arrow":9,"minecraft:diamond_chestplate":1,"minecraft:diamond_boots":1,"minecraft:totem_of_undying":9,"minecraft:saddle":3,"minecraft:gold_ingot":10,"minecraft:tuff_bricks":7,"minecraft:glow_berries":12,"minecraft:rail":8,"minecraft:bamboo_stairs":9,"minecraft:netherite_boots":1,"minecraft:yellow_shulker_box":2,"minecraft:leather":7,"minecraft:cobblestone_wall":5,"minecraft:gunpowder":2,"minecraft:cobblestone_stairs":7,"minecraft:white_banner":9,"minecraft:red_carpet":31,"minecraft:stone_bricks":53,"minecraft:spore_blossom":2,"minecraft:iron_ingot":5,"minecraft:glass_bottle":6,"minecraft:soul_sand":53,"minecraft:book":8,"minecraft:pink_bed":2,"minecraft:dark_oak_slab":1,"minecraft:emerald_block":4,"minecraft:bamboo_planks":27,"minecraft:red_wool":45,"minecraft:quartz":116,"minecraft:gravel":114,"minecraft:amethyst_shard":9,"minecraft:soul_torch":13,"minecraft:spider_eye":1,"minecraft:firework_rocket":3,"minecraft:bamboo_trapdoor":26,"minecraft:white_concrete_powder":25,"minecraft:hopper":6,"minecraft:coal":363,"minecraft:ender_pearl":42},"minecraft:killed":{"minecraft:zombified_piglin":8,"minecraft:witch":5,"minecraft:spider":1,"minecraft:wither":4,"minecraft:skeleton":3,"minecraft:silverfish":2,"minecraft:cat":1,"minecraft:wolf":1,"minecraft:piglin":8,"minecraft:creeper":7,"minecraft:trader_llama":2,"minecraft:pillager":45,"minecraft:zombie":4,"minecraft:blaze":2,"minecraft:evoker":8,"minecraft:vex":10,"minecraft:vindicator":27,"minecraft:drowned":1,"minecraft:wandering_trader":1,"minecraft:ravager":7,"minecraft:squid":3,"minecraft:wither_skeleton":381,"minecraft:villager":17,"minecraft:enderman":42},"minecraft:killed_by":{"minecraft:wither_skeleton":1,"minecraft:warden":4},"minecraft:mined":{"minecraft:carved_pumpkin":3,"minecraft:obsidian":22,"minecraft:grass_block":866,"minecraft:white_concrete":94,"minecraft:deepslate_bricks":2,"minecraft:hopper":6,"minecraft:tuff_bricks":9,"minecraft:cobbled_deepslate":2,"minecraft:fire":10,"minecraft:iron_ore":2,"minecraft:sticky_piston":2,"minecraft:barrel":74,"minecraft:anvil":2,"minecraft:dirt_path":4,"minecraft:iron_block":181,"minecraft:tripwire":3,"minecraft:bamboo_slab":31,"minecraft:quartz_block":1,"minecraft:red_bed":10,"minecraft:bamboo_stairs":9,"minecraft:torch":9,"minecraft:poppy":2,"minecraft:beacon":4,"minecraft:chest":11,"minecraft:glass":18,"minecraft:nether_quartz_ore":48,"minecraft:cobblestone":98,"minecraft:slime_block":12,"minecraft:oak_planks":1,"minecraft:dark_oak_slab":1,"minecraft:bamboo_planks":30,"minecraft:oak_log":5,"minecraft:sand":221,"minecraft:dirt":488,"minecraft:netherrack":114,"minecraft:deepslate":22,"minecraft:emerald_block":4,"minecraft:red_carpet":30,"minecraft:quartz_stairs":4,"minecraft:mossy_cobblestone":1,"minecraft:deepslate_diamond_ore":4,"minecraft:candle":5,"minecraft:red_stained_glass":1,"minecraft:shulker_box":5,"minecraft:end_stone":60,"minecraft:dark_oak_fence":6,"minecraft:white_stained_glass":3,"minecraft:redstone_wire":3,"minecraft:furnace":2,"minecraft:andesite":148,"minecraft:gold_block":11,"minecraft:bell":1,"minecraft:cobblestone_slab":5,"minecraft:rail":6,"minecraft:bamboo":3,"minecraft:stone":1890,"minecraft:yellow_shulker_box":1,"minecraft:smithing_table":1,"minecraft:red_wool":48,"minecraft:soul_sand":54,"minecraft:observer":2,"minecraft:crafting_table":1,"minecraft:short_grass":181,"minecraft:lightning_rod":1,"minecraft:tall_grass":10,"minecraft:copper_ore":20,"minecraft:sculk":1,"minecraft:diorite":48,"minecraft:bamboo_trapdoor":26,"minecraft:bee_nest":1,"minecraft:coal_ore":35,"minecraft:gravel":119,"minecraft:stone_bricks":54,"minecraft:infested_stone":2},"minecraft:crafted":{"minecraft:black_dye":8,"minecraft:barrel":20,"minecraft:pink_bed":2,"minecraft:lightning_rod":1,"minecraft:quartz_block":29,"minecraft:hopper":64,"minecraft:beacon":4,"minecraft:chest":112,"minecraft:black_wool":8,"minecraft:quartz_stairs":16,"minecraft:emerald":380,"minecraft:crafting_table":1,"minecraft:red_wool":60,"minecraft:copper_ingot":3,"minecraft:gold_block":62,"minecraft:bamboo_planks":1792,"minecraft:paper":126,"minecraft:emerald_block":49,"minecraft:pink_wool":7,"minecraft:iron_ingot":18,"minecraft:iron_block":220,"minecraft:gold_ingot":220,"minecraft:black_bed":2,"minecraft:bone_meal":192,"minecraft:pink_dye":8,"minecraft:bamboo_stairs":12,"minecraft:white_concrete_powder":160,"minecraft:minecart":10,"minecraft:sugar":64,"minecraft:red_dye":64,"minecraft:red_bed":2,"minecraft:bucket":1,"minecraft:red_carpet":12,"minecraft:air":0,"minecraft:bamboo_slab":402,"minecraft:white_wool":192,"minecraft:white_dye":64,"minecraft:bamboo_trapdoor":132,"minecraft:firework_rocket":375},"minecraft:dropped":{"minecraft:bamboo_trapdoor":128,"minecraft:candle":6,"minecraft:diamond_axe":1,"minecraft:glass_bottle":2,"minecraft:dark_oak_slab":1,"minecraft:crossbow":5,"minecraft:lantern":2,"minecraft:leather":7,"minecraft:elytra":2,"minecraft:rail":4,"minecraft:red_carpet":12,"minecraft:flint":5,"minecraft:emerald":1,"minecraft:cobblestone_stairs":10,"minecraft:dirt":306,"minecraft:wither_skeleton_spawn_egg":1,"minecraft:dark_oak_fence":1,"minecraft:netherite_boots":3,"minecraft:gold_nugget":5,"minecraft:amethyst_shard":5,"minecraft:sugar":1,"minecraft:white_wool":53,"minecraft:bone":97,"minecraft:gold_ingot":5,"minecraft:gravel":5,"minecraft:sugar_cane":2,"minecraft:pink_bed":4,"minecraft:golden_chestplate":2,"minecraft:cobbled_deepslate":19,"minecraft:pink_dye":1,"minecraft:netherite_sword":3,"minecraft:obsidian":1,"minecraft:rotten_flesh":1060,"minecraft:oak_planks":18,"minecraft:diamond_shovel":2,"minecraft:carrot":80,"minecraft:echo_shard":6,"minecraft:gunpowder":2,"minecraft:piglin_spawn_egg":1,"minecraft:quartz_block":5,"minecraft:white_dye":21,"minecraft:powered_rail":7,"minecraft:arrow":2,"minecraft:glass":1,"minecraft:netherrack":41,"minecraft:firework_rocket":129,"minecraft:water_bucket":1,"minecraft:wolf_spawn_egg":1,"minecraft:netherite_pickaxe":2,"minecraft:wheat_seeds":4,"minecraft:golden_helmet":1,"minecraft:minecart":9,"minecraft:diamond_leggings":2,"minecraft:netherite_chestplate":2,"minecraft:netherite_axe":1,"minecraft:netherite_helmet":3,"minecraft:cobblestone":185,"minecraft:observer":1,"minecraft:grass_block":71,"minecraft:coal":11,"minecraft:cobweb":1,"minecraft:diorite":6,"minecraft:sponge":1,"minecraft:torch":3,"minecraft:diamond_helmet":2,"minecraft:potion":3,"minecraft:wither_rose":2,"minecraft:iron_axe":1,"minecraft:bamboo_slab":397,"minecraft:string":1,"minecraft:redstone":1,"minecraft:bamboo_planks":22,"minecraft:furnace":2,"minecraft:soul_torch":13,"minecraft:stone_sword":3,"minecraft:cobblestone_wall":6,"minecraft:raw_copper":28,"minecraft:sticky_piston":2,"minecraft:totem_of_undying":1,"minecraft:netherite_leggings":2,"minecraft:flint_and_steel":1,"minecraft:bamboo_stairs":2,"minecraft:wolf_armor":1,"minecraft:diamond_sword":1,"minecraft:diamond_chestplate":2,"minecraft:diamond_pickaxe":1,"minecraft:andesite":10,"minecraft:quartz_stairs":13,"minecraft:pink_wool":1,"minecraft:golden_sword":158,"minecraft:spider_eye":1,"minecraft:barrel":12,"minecraft:bamboo":234,"minecraft:diamond_boots":2,"minecraft:bow":1,"minecraft:white_stained_glass":1,"minecraft:black_wool":2},"minecraft:used":{"minecraft:elytra":9,"minecraft:black_carpet":2,"minecraft:white_concrete_powder":96,"minecraft:chest":54,"minecraft:shield":1,"minecraft:bell":1,"minecraft:quartz_stairs":7,"minecraft:soul_sand":26,"minecraft:nether_bricks":123,"minecraft:crafter":4,"minecraft:carrot":190,"minecraft:obsidian":644,"minecraft:glass":143,"minecraft:lava_bucket":802,"minecraft:red_wool":61,"minecraft:lantern":4,"minecraft:grass_block":1695,"minecraft:quartz_block":1,"minecraft:mossy_cobblestone_slab":266,"minecraft:cherry_leaves":76,"minecraft:hopper_minecart":49,"minecraft:stone_bricks":301,"minecraft:netherite_boots":1,"minecraft:repeater":12,"minecraft:red_carpet":31,"minecraft:bow":379,"minecraft:ominous_bottle":1,"minecraft:gold_block":46,"minecraft:dragon_head":2,"minecraft:bamboo_trapdoor":30,"minecraft:spruce_door":1,"minecraft:wither_skeleton_skull":12,"minecraft:powered_rail":392,"minecraft:oak_planks":27,"minecraft:ender_pearl":3,"minecraft:redstone_block":216,"minecraft:oak_leaves":172,"minecraft:bamboo_stairs":19,"minecraft:white_wool":62,"minecraft:netherite_leggings":2,"minecraft:sponge":54,"minecraft:lingering_potion":6,"minecraft:black_bed":2,"minecraft:note_block":10,"minecraft:lightning_rod":2,"minecraft:sticky_piston":14,"minecraft:lever":3,"minecraft:firework_rocket":335,"minecraft:cherry_hanging_sign":3,"minecraft:string":4,"minecraft:bread":4,"minecraft:warped_slab":12,"minecraft:spore_blossom":2,"minecraft:flowering_azalea_leaves":6,"minecraft:wooden_sword":7,"minecraft:white_stained_glass":1060,"minecraft:piglin_spawn_egg":19,"minecraft:smooth_stone_slab":77,"minecraft:white_concrete":52,"minecraft:warped_button":1,"minecraft:cobweb":4,"minecraft:oak_trapdoor":2,"minecraft:netherite_sword":932,"minecraft:iron_bars":3,"minecraft:flint_and_steel":132,"minecraft:carved_pumpkin":10,"minecraft:redstone":53,"minecraft:wither_skeleton_spawn_egg":5,"minecraft:torch":25,"minecraft:dirt":17,"minecraft:anvil":5,"minecraft:hopper":78,"minecraft:cobblestone_wall":188,"minecraft:stone_stairs":4,"minecraft:shulker_box":4,"minecraft:iron_block":398,"minecraft:oak_stairs":27,"minecraft:cherry_slab":27,"minecraft:slime_block":127,"minecraft:polished_deepslate_wall":7,"minecraft:cherry_trapdoor":18,"minecraft:totem_of_undying":6,"minecraft:barrel":74,"minecraft:bamboo":3,"minecraft:emerald_block":197,"minecraft:wolf_spawn_egg":7,"minecraft:netherite_pickaxe":2978,"minecraft:minecart":38,"minecraft:cherry_fence":11,"minecraft:zombified_piglin_spawn_egg":1,"minecraft:turtle_egg":5,"minecraft:observer":45,"minecraft:pumpkin":3,"minecraft:bamboo_planks":148,"minecraft:water_bucket":30,"minecraft:birch_planks":85,"minecraft:yellow_shulker_box":2,"minecraft:netherite_chestplate":9,"minecraft:beacon":7,"minecraft:mossy_cobblestone":1,"minecraft:polished_deepslate_slab":8,"minecraft:rail":142,"minecraft:comparator":2,"minecraft:crafting_table":2,"minecraft:red_bed":11,"minecraft:bamboo_block":1,"minecraft:amethyst_cluster":5,"minecraft:oak_log":4,"minecraft:mud":7,"minecraft:diamond_shovel":1801,"minecraft:netherite_axe":220,"minecraft:stone_slab":1539,"minecraft:spruce_trapdoor":115,"minecraft:bamboo_slab":73,"minecraft:copper_bulb":2,"minecraft:cobblestone":183,"minecraft:potion":3,"minecraft:cherry_stairs":9,"minecraft:bucket":50,"minecraft:wither_rose":560,"minecraft:splash_potion":83,"minecraft:smooth_stone":331},"minecraft:custom":{"minecraft:interact_with_crafting_table":32,"minecraft:open_barrel":6,"minecraft:open_shulker_box":22,"minecraft:bell_ring":15,"minecraft:leave_game":8,"minecraft:time_since_death":2682,"minecraft:sprint_one_cm":818319,"minecraft:damage_blocked_by_shield":15,"minecraft:drop":402,"minecraft:talked_to_villager":213,"minecraft:play_time":963120,"minecraft:deaths":5,"minecraft:jump":5359,"minecraft:walk_on_water_one_cm":20741,"minecraft:interact_with_furnace":9,"minecraft:traded_with_villager":380,"minecraft:sleep_in_bed":32,"minecraft:damage_dealt":74426,"minecraft:interact_with_beacon":15,"minecraft:crouch_one_cm":184607,"minecraft:interact_with_smithing_table":1,"minecraft:interact_with_anvil":17,"minecraft:mob_kills":6236,"minecraft:inspect_hopper":39,"minecraft:climb_one_cm":3836,"minecraft:walk_one_cm":1666513,"minecraft:raid_win":1,"minecraft:sneak_time":58082,"minecraft:walk_under_water_one_cm":100763,"minecraft:total_world_time":963120,"minecraft:tune_noteblock":15,"minecraft:raid_trigger":1,"minecraft:interact_with_grindstone":3,"minecraft:time_since_rest":2713,"minecraft:damage_taken":9551,"minecraft:damage_absorbed":400,"minecraft:minecart_one_cm":12688,"minecraft:swim_one_cm":24956,"minecraft:fly_one_cm":2406735,"minecraft:open_chest":354,"minecraft:aviate_one_cm":5437774,"minecraft:fall_one_cm":135625}},"DataVersion":3953}