{"stats":{"minecraft:crafted":{"minecraft:black_dye":8,"minecraft:pink_bed":2,"minecraft:slime_block":7,"minecraft:lever":3,"minecraft:quartz_block":29,"minecraft:beacon":4,"minecraft:black_wool":8,"minecraft:emerald":380,"minecraft:copper_ingot":3,"minecraft:sticky_piston":4,"minecraft:stone_brick_stairs":20,"minecraft:bamboo_planks":3766,"minecraft:stone_slab":6,"minecraft:iron_block":538,"minecraft:gold_ingot":220,"minecraft:wind_charge":136,"minecraft:bone_meal":192,"minecraft:pink_dye":8,"minecraft:bamboo_stairs":12,"minecraft:stone_stairs":288,"minecraft:ladder":12,"minecraft:red_bed":2,"minecraft:red_carpet":12,"minecraft:bamboo_slab":402,"minecraft:white_bed":13,"minecraft:oak_planks":116,"minecraft:barrel":82,"minecraft:lightning_rod":1,"minecraft:stone":25,"minecraft:bamboo_door":3,"minecraft:hopper":137,"minecraft:stone_brick_slab":108,"minecraft:bow":1,"minecraft:chest":244,"minecraft:stone_bricks":1800,"minecraft:quartz_stairs":16,"minecraft:oak_slab":126,"minecraft:crafting_table":5,"minecraft:red_wool":60,"minecraft:gold_block":62,"minecraft:dispenser":1,"minecraft:paper":252,"minecraft:emerald_block":55,"minecraft:pink_wool":7,"minecraft:stick":92,"minecraft:iron_ingot":18,"minecraft:black_bed":2,"minecraft:redstone_torch":28,"minecraft:shears":1,"minecraft:redstone":126,"minecraft:fishing_rod":1,"minecraft:stone_brick_wall":450,"minecraft:bamboo_fence":3,"minecraft:piston":24,"minecraft:bamboo_sign":30,"minecraft:scaffolding":576,"minecraft:white_concrete_powder":160,"minecraft:minecart":10,"minecraft:sugar":64,"minecraft:red_dye":64,"minecraft:bucket":5,"minecraft:air":0,"minecraft:white_wool":256,"minecraft:white_dye":64,"minecraft:bamboo_trapdoor":132,"minecraft:carrot_on_a_stick":1,"minecraft:firework_rocket":753},"minecraft:picked_up":{"minecraft:anvil":2,"minecraft:smithing_table":1,"minecraft:lead":9,"minecraft:wither_rose":9,"minecraft:enchanted_book":1,"minecraft:golden_sword":16,"minecraft:string":9,"minecraft:diamond_leggings":1,"minecraft:gold_nugget":84,"minecraft:cobbled_deepslate":23,"minecraft:spruce_planks":1,"minecraft:trial_key":2,"minecraft:hopper_minecart":1,"minecraft:enchanted_golden_apple":3,"minecraft:golden_helmet":1,"minecraft:bamboo_slab":108,"minecraft:lightning_rod":1,"minecraft:bamboo_door":2,"minecraft:bamboo_block":266,"minecraft:stone_sword":16,"minecraft:carved_pumpkin":3,"minecraft:iron_block":342,"minecraft:netherite_chestplate":1,"minecraft:snowball":9,"minecraft:sponge":1,"minecraft:iron_door":8,"minecraft:water_bucket":2,"minecraft:flint":3,"minecraft:netherite_leggings":1,"minecraft:lantern":2,"minecraft:disc_fragment_5":2,"minecraft:stonecutter":1,"minecraft:diamond_helmet":1,"minecraft:glowstone_dust":3,"minecraft:stripped_spruce_log":410,"minecraft:ink_sac":8,"minecraft:barrel":65,"minecraft:granite":12,"minecraft:dark_oak_fence":4,"minecraft:mud":2,"minecraft:crafting_table":4,"minecraft:ominous_bottle":1,"minecraft:wind_charge":6,"minecraft:cornflower":2,"minecraft:red_bed":10,"minecraft:flint_and_steel":1,"minecraft:white_stained_glass":9,"minecraft:music_disc_otherside":1,"minecraft:poppy":11,"minecraft:spruce_slab":131,"minecraft:minecart":24,"minecraft:quartz_stairs":4,"minecraft:chest":21,"minecraft:waxed_oxidized_copper":3,"minecraft:stone":11,"minecraft:oak_door":1,"minecraft:spruce_fence":11,"minecraft:redstone":51,"minecraft:netherite_pickaxe":2,"minecraft:diamond_chestplate":1,"minecraft:diamond_boots":1,"minecraft:gold_ingot":10,"minecraft:totem_of_undying":13,"minecraft:tuff_bricks":27,"minecraft:glow_berries":12,"minecraft:rail":21,"minecraft:oxeye_daisy":1,"minecraft:bamboo_stairs":9,"minecraft:yellow_shulker_box":20,"minecraft:oak_log":28,"minecraft:white_banner":13,"minecraft:stone_bricks":301,"minecraft:spore_blossom":2,"minecraft:glass_bottle":6,"minecraft:dark_oak_slab":2,"minecraft:red_wool":45,"minecraft:gravel":226,"minecraft:firework_rocket":4,"minecraft:bamboo_trapdoor":26,"minecraft:baked_potato":3,"minecraft:hopper":20,"minecraft:ender_pearl":48,"minecraft:redstone_block":2,"minecraft:potion":1,"minecraft:stone_brick_stairs":4,"minecraft:raw_copper":203,"minecraft:sticky_piston":5,"minecraft:iron_leggings":1,"minecraft:experience_bottle":1,"minecraft:bucket":2,"minecraft:cobblestone_slab":5,"minecraft:furnace":2,"minecraft:stick":1,"minecraft:orange_shulker_box":1,"minecraft:deepslate_brick_wall":69,"minecraft:torch":25,"minecraft:diorite":23,"minecraft:quartz_block":1,"minecraft:rotten_flesh":139,"minecraft:obsidian":25,"minecraft:cobblestone":3056,"minecraft:lilac":3,"minecraft:repeater":1,"minecraft:andesite":108,"minecraft:black_bed":9,"minecraft:beacon":6,"minecraft:wither_skeleton_skull":14,"minecraft:dirt":1399,"minecraft:name_tag":1,"minecraft:glass":19,"minecraft:bone":508,"minecraft:bow":1,"minecraft:wheat_seeds":68,"minecraft:deepslate_brick_slab":64,"minecraft:bell":15,"minecraft:powered_rail":33,"minecraft:bamboo":3059,"minecraft:oak_planks":34,"minecraft:music_disc_13":1,"minecraft:sand":581,"minecraft:grass_block":1898,"minecraft:shulker_box":9,"minecraft:mossy_cobblestone":1,"minecraft:sugar":1,"minecraft:netherite_helmet":1,"minecraft:slime_block":57,"minecraft:diamond":11,"minecraft:crossbow":8,"minecraft:breeze_rod":34,"minecraft:white_concrete":93,"minecraft:emerald":121,"minecraft:oak_sapling":1,"minecraft:netherrack":41,"minecraft:nether_star":4,"minecraft:oak_leaves":33,"minecraft:waxed_oxidized_cut_copper":1,"minecraft:ladder":2,"minecraft:gold_block":11,"minecraft:brown_mushroom":1,"minecraft:stone_brick_wall":11,"minecraft:oak_trapdoor":4,"minecraft:stone_stairs":5,"minecraft:iron_axe":2,"minecraft:candle":6,"minecraft:andesite_stairs":1,"minecraft:echo_shard":6,"minecraft:oak_boat":1,"minecraft:observer":9,"minecraft:spruce_trapdoor":154,"minecraft:raw_iron":8,"minecraft:end_stone":56,"minecraft:copper_ingot":32,"minecraft:stone_button":9,"minecraft:arrow":65,"minecraft:saddle":5,"minecraft:netherite_boots":1,"minecraft:leather":7,"minecraft:waxed_copper_bulb":1,"minecraft:waxed_copper_block":2,"minecraft:gunpowder":2,"minecraft:yellow_bed":3,"minecraft:cobblestone_wall":5,"minecraft:cobblestone_stairs":7,"minecraft:red_carpet":31,"minecraft:iron_ingot":33,"minecraft:cooked_chicken":3,"minecraft:soul_sand":54,"minecraft:book":344,"minecraft:scaffolding":46,"minecraft:pink_bed":2,"minecraft:bamboo_fence":1,"minecraft:emerald_block":14,"minecraft:bamboo_planks":93,"minecraft:stone_brick_slab":11,"minecraft:quartz":116,"minecraft:dandelion":8,"minecraft:amethyst_shard":9,"minecraft:soul_torch":13,"minecraft:white_bed":7,"minecraft:spruce_door":8,"minecraft:spider_eye":1,"minecraft:white_concrete_powder":25,"minecraft:coal":383,"minecraft:chiseled_tuff_bricks":1},"minecraft:mined":{"minecraft:white_bed":5,"minecraft:carved_pumpkin":3,"minecraft:obsidian":22,"minecraft:granite":14,"minecraft:stone_brick_wall":11,"minecraft:deepslate_bricks":2,"minecraft:chiseled_tuff_bricks":1,"minecraft:bamboo_block":5,"minecraft:hopper":22,"minecraft:cobbled_deepslate":2,"minecraft:fire":10,"minecraft:sticky_piston":7,"minecraft:barrel":76,"minecraft:dirt_path":52,"minecraft:iron_block":342,"minecraft:tripwire":3,"minecraft:bamboo_slab":31,"minecraft:red_bed":10,"minecraft:deepslate_brick_wall":5,"minecraft:powder_snow":19,"minecraft:torch":10,"minecraft:blast_furnace":1,"minecraft:glass":41,"minecraft:waxed_copper_bulb":1,"minecraft:bamboo_planks":36,"minecraft:mud":2,"minecraft:light_gray_stained_glass":2,"minecraft:lilac":1,"minecraft:waxed_copper_block":2,"minecraft:stone_brick_stairs":1,"minecraft:deepslate":23,"minecraft:mossy_cobblestone":1,"minecraft:shulker_box":8,"minecraft:end_stone":60,"minecraft:dark_oak_fence":6,"minecraft:spruce_fence":12,"minecraft:redstone_wire":4,"minecraft:waxed_oxidized_cut_copper":1,"minecraft:andesite":278,"minecraft:cobblestone_slab":5,"minecraft:rail":6,"minecraft:bamboo":329,"minecraft:smithing_table":2,"minecraft:soul_sand":54,"minecraft:stone_brick_slab":3,"minecraft:observer":11,"minecraft:short_grass":208,"minecraft:lightning_rod":1,"minecraft:tall_grass":16,"minecraft:copper_ore":36,"minecraft:diorite":49,"minecraft:gravel":236,"minecraft:stone_bricks":334,"minecraft:infested_stone":27,"minecraft:spruce_planks":1,"minecraft:oak_sapling":1,"minecraft:spruce_trapdoor":26,"minecraft:grass_block":2026,"minecraft:white_concrete":94,"minecraft:tuff_bricks":27,"minecraft:iron_ore":2,"minecraft:anvil":2,"minecraft:spruce_slab":3,"minecraft:quartz_block":1,"minecraft:bamboo_stairs":9,"minecraft:poppy":2,"minecraft:beacon":6,"minecraft:chest":27,"minecraft:nether_quartz_ore":48,"minecraft:cobblestone":130,"minecraft:slime_block":61,"minecraft:grindstone":1,"minecraft:oak_planks":11,"minecraft:iron_door":5,"minecraft:wall_torch":1,"minecraft:stone_stairs":5,"minecraft:dark_oak_slab":1,"minecraft:oak_log":5,"minecraft:waxed_oxidized_copper":3,"minecraft:sand":630,"minecraft:dirt":1329,"minecraft:netherrack":114,"minecraft:oak_leaves":38,"minecraft:emerald_block":14,"minecraft:red_carpet":30,"minecraft:quartz_stairs":4,"minecraft:deepslate_diamond_ore":4,"minecraft:candle":5,"minecraft:oak_door":1,"minecraft:bamboo_fence":1,"minecraft:red_stained_glass":1,"minecraft:bamboo_door":2,"minecraft:stone_button":3,"minecraft:decorated_pot":2,"minecraft:white_stained_glass":14,"minecraft:furnace":2,"minecraft:stripped_spruce_log":30,"minecraft:gold_block":11,"minecraft:bell":13,"minecraft:bookshelf":114,"minecraft:stone":4322,"minecraft:yellow_shulker_box":18,"minecraft:scaffolding":1,"minecraft:red_wool":48,"minecraft:spruce_door":4,"minecraft:crafting_table":3,"minecraft:stone_slab":3,"minecraft:sculk":1,"minecraft:bamboo_trapdoor":26,"minecraft:bee_nest":1,"minecraft:yellow_bed":3,"minecraft:coal_ore":46},"minecraft:used":{"minecraft:tuff_bricks":25,"minecraft:poppy":4,"minecraft:ladder":12,"minecraft:spruce_slab":107,"minecraft:elytra":9,"minecraft:bamboo_sign":37,"minecraft:black_carpet":2,"minecraft:chest":358,"minecraft:stone":220,"minecraft:quartz_stairs":7,"minecraft:soul_sand":33,"minecraft:crafter":14,"minecraft:deepslate_brick_slab":842,"minecraft:stripped_spruce_log":622,"minecraft:packed_ice":5,"minecraft:lava_bucket":857,"minecraft:villager_spawn_egg":72,"minecraft:red_wool":61,"minecraft:grass_block":2002,"minecraft:quartz_block":1,"minecraft:cherry_leaves":78,"minecraft:stone_brick_stairs":11,"minecraft:netherite_boots":1,"minecraft:bow":687,"minecraft:ominous_bottle":1,"minecraft:dragon_head":2,"minecraft:deepslate_brick_wall":38,"minecraft:spruce_door":9,"minecraft:powered_rail":392,"minecraft:composter":10,"minecraft:oak_leaves":347,"minecraft:sand":2,"minecraft:deepslate_brick_stairs":29,"minecraft:lightning_rod":2,"minecraft:cherry_hanging_sign":3,"minecraft:stone_button":38,"minecraft:lectern":8,"minecraft:spore_blossom":2,"minecraft:oak_pressure_plate":25,"minecraft:flowering_azalea_leaves":6,"minecraft:lilac":3,"minecraft:wooden_sword":7,"minecraft:white_stained_glass":1105,"minecraft:piglin_spawn_egg":19,"minecraft:oak_trapdoor":58,"minecraft:iron_bars":3,"minecraft:carved_pumpkin":10,"minecraft:wither_skeleton_spawn_egg":5,"minecraft:trial_key":1,"minecraft:torch":29,"minecraft:anvil":6,"minecraft:stone_stairs":81,"minecraft:bamboo_fence":3,"minecraft:iron_block":718,"minecraft:cherry_slab":27,"minecraft:slime_block":181,"minecraft:polished_deepslate_wall":7,"minecraft:totem_of_undying":6,"minecraft:barrel":151,"minecraft:bamboo":9,"minecraft:cherry_fence":11,"minecraft:observer":67,"minecraft:water_bucket":359,"minecraft:birch_planks":85,"minecraft:yellow_shulker_box":19,"minecraft:polished_deepslate_slab":8,"minecraft:mossy_cobblestone":1,"minecraft:rail":142,"minecraft:comparator":4,"minecraft:tnt":3,"minecraft:crafting_table":9,"minecraft:red_bed":23,"minecraft:white_bed":46,"minecraft:deepslate_tile_wall":4,"minecraft:oak_log":4,"minecraft:amethyst_cluster":5,"minecraft:mud":9,"minecraft:cornflower":2,"minecraft:oxeye_daisy":1,"minecraft:diamond_shovel":4427,"minecraft:wind_charge":44,"minecraft:spruce_trapdoor":249,"minecraft:bamboo_slab":73,"minecraft:copper_bulb":2,"minecraft:cobblestone":236,"minecraft:potion":3,"minecraft:dandelion":8,"minecraft:candle":1,"minecraft:carrot_on_a_stick":17,"minecraft:white_concrete_powder":96,"minecraft:shield":1,"minecraft:zombie_spawn_egg":22,"minecraft:bell":14,"minecraft:nether_bricks":123,"minecraft:carrot":369,"minecraft:obsidian":741,"minecraft:polished_deepslate_stairs":3,"minecraft:glass":559,"minecraft:lantern":40,"minecraft:mossy_cobblestone_slab":266,"minecraft:hopper_minecart":50,"minecraft:stone_bricks":2594,"minecraft:red_carpet":31,"minecraft:repeater":38,"minecraft:scaffolding":172,"minecraft:gold_block":75,"minecraft:polished_blackstone_stairs":2,"minecraft:bamboo_trapdoor":59,"minecraft:wither_skeleton_skull":12,"minecraft:birch_leaves":98,"minecraft:oak_planks":27,"minecraft:ender_pearl":7,"minecraft:redstone_block":216,"minecraft:white_wool":62,"minecraft:bamboo_stairs":19,"minecraft:netherite_leggings":2,"minecraft:crossbow":1,"minecraft:sponge":87,"minecraft:note_block":12,"minecraft:lingering_potion":6,"minecraft:stone_brick_wall":728,"minecraft:black_bed":2,"minecraft:shears":38,"minecraft:redstone_torch":8,"minecraft:sticky_piston":19,"minecraft:lever":7,"minecraft:firework_rocket":801,"minecraft:birch_fence_gate":24,"minecraft:bread":4,"minecraft:string":4,"minecraft:warped_slab":12,"minecraft:andesite":39,"minecraft:chain":3,"minecraft:smooth_stone_slab":78,"minecraft:white_concrete":216,"minecraft:warped_button":1,"minecraft:waxed_copper_bulb":1,"minecraft:cobweb":4,"minecraft:netherite_sword":1509,"minecraft:flint_and_steel":137,"minecraft:redstone":144,"minecraft:spruce_planks":143,"minecraft:bamboo_door":4,"minecraft:dirt":345,"minecraft:hopper":204,"minecraft:spruce_stairs":49,"minecraft:cobblestone_wall":249,"minecraft:shulker_box":8,"minecraft:spruce_fence":136,"minecraft:stone_brick_slab":145,"minecraft:oak_stairs":27,"minecraft:smooth_sandstone":20,"minecraft:cherry_trapdoor":18,"minecraft:emerald_block":198,"minecraft:wolf_spawn_egg":7,"minecraft:minecart":38,"minecraft:netherite_pickaxe":6245,"minecraft:zombified_piglin_spawn_egg":1,"minecraft:turtle_egg":5,"minecraft:pumpkin":3,"minecraft:bamboo_planks":228,"minecraft:netherite_chestplate":9,"minecraft:andesite_slab":21,"minecraft:beacon":10,"minecraft:vindicator_spawn_egg":2,"minecraft:bamboo_block":27,"minecraft:piston":48,"minecraft:netherite_axe":817,"minecraft:stone_slab":1677,"minecraft:cherry_stairs":9,"minecraft:bucket":107,"minecraft:yellow_bed":9,"minecraft:wither_rose":560,"minecraft:smooth_stone":331,"minecraft:splash_potion":83},"minecraft:custom":{"minecraft:interact_with_crafting_table":117,"minecraft:open_barrel":12,"minecraft:bell_ring":76,"minecraft:leave_game":28,"minecraft:time_since_death":15766,"minecraft:damage_blocked_by_shield":15,"minecraft:play_time":1899670,"minecraft:deaths":14,"minecraft:jump":11923,"minecraft:interact_with_furnace":12,"minecraft:traded_with_villager":380,"minecraft:sleep_in_bed":55,"minecraft:damage_dealt":118977,"minecraft:inspect_dispenser":1,"minecraft:interact_with_smithing_table":1,"minecraft:interact_with_anvil":23,"minecraft:inspect_hopper":54,"minecraft:sneak_time":122493,"minecraft:total_world_time":1899670,"minecraft:tune_noteblock":26,"minecraft:time_since_rest":9206,"minecraft:swim_one_cm":39799,"minecraft:fly_one_cm":4912763,"minecraft:open_chest":722,"minecraft:fall_one_cm":431442,"minecraft:open_shulker_box":138,"minecraft:damage_resisted":3209,"minecraft:sprint_one_cm":2058668,"minecraft:drop":644,"minecraft:talked_to_villager":218,"minecraft:walk_on_water_one_cm":85915,"minecraft:interact_with_beacon":24,"minecraft:player_kills":1,"minecraft:crouch_one_cm":496105,"minecraft:mob_kills":6530,"minecraft:climb_one_cm":14684,"minecraft:walk_one_cm":3285503,"minecraft:raid_win":2,"minecraft:walk_under_water_one_cm":122270,"minecraft:raid_trigger":1,"minecraft:interact_with_grindstone":3,"minecraft:damage_taken":19412,"minecraft:damage_absorbed":400,"minecraft:minecart_one_cm":12688,"minecraft:pig_one_cm":62185,"minecraft:aviate_one_cm":12215889},"minecraft:killed":{"minecraft:skeleton":6,"minecraft:cat":1,"minecraft:iron_golem":12,"minecraft:pillager":64,"minecraft:zombie":25,"minecraft:evoker":13,"minecraft:vindicator":47,"minecraft:husk":26,"minecraft:wandering_trader":1,"minecraft:ravager":11,"minecraft:breeze":6,"minecraft:enderman":43,"minecraft:zombified_piglin":12,"minecraft:witch":8,"minecraft:spider":1,"minecraft:wither":4,"minecraft:silverfish":24,"minecraft:wolf":1,"minecraft:piglin":8,"minecraft:zombie_villager":4,"minecraft:creeper":8,"minecraft:trader_llama":2,"minecraft:blaze":2,"minecraft:vex":13,"minecraft:armadillo":1,"minecraft:bogged":27,"minecraft:drowned":6,"minecraft:squid":3,"minecraft:wither_skeleton":381,"minecraft:player":1,"minecraft:villager":104},"minecraft:killed_by":{"minecraft:zombie":1,"minecraft:warden":4,"minecraft:wither_skeleton":1,"minecraft:drowned":1},"minecraft:dropped":{"minecraft:piston":1,"minecraft:oak_pressure_plate":1,"minecraft:glass_bottle":2,"minecraft:crafting_table":1,"minecraft:dark_oak_slab":2,"minecraft:crossbow":8,"minecraft:elytra":2,"minecraft:rail":4,"minecraft:red_carpet":12,"minecraft:emerald":1,"minecraft:dirt":628,"minecraft:dark_oak_fence":2,"minecraft:stone_button":4,"minecraft:netherite_boots":3,"minecraft:cherry_leaves":1,"minecraft:gold_nugget":5,"minecraft:sugar":1,"minecraft:white_wool":53,"minecraft:bone":249,"minecraft:sugar_cane":3,"minecraft:lever":1,"minecraft:pink_bed":4,"minecraft:golden_chestplate":2,"minecraft:cobbled_deepslate":19,"minecraft:pink_dye":1,"minecraft:netherite_sword":3,"minecraft:obsidian":2,"minecraft:deepslate_brick_slab":64,"minecraft:rotten_flesh":1075,"minecraft:oak_planks":26,"minecraft:bamboo_door":1,"minecraft:white_bed":5,"minecraft:echo_shard":6,"minecraft:piglin_spawn_egg":1,"minecraft:charcoal":64,"minecraft:quartz_block":5,"minecraft:hopper":2,"minecraft:spruce_slab":128,"minecraft:white_dye":21,"minecraft:glass":43,"minecraft:iron_ingot":26,"minecraft:wolf_spawn_egg":1,"minecraft:netherite_pickaxe":3,"minecraft:birch_leaves":2,"minecraft:wheat_seeds":4,"minecraft:deepslate_brick_wall":64,"minecraft:netherite_chestplate":2,"minecraft:netherite_helmet":3,"minecraft:cobblestone":536,"minecraft:book":349,"minecraft:granite":12,"minecraft:spruce_door":4,"minecraft:bamboo_block":305,"minecraft:coal":11,"minecraft:cobweb":1,"minecraft:sponge":1,"minecraft:diamond_helmet":2,"minecraft:potion":3,"minecraft:bamboo_slab":397,"minecraft:string":99,"minecraft:stone_brick_slab":2,"minecraft:bamboo_planks":236,"minecraft:furnace":2,"minecraft:zombie_spawn_egg":1,"minecraft:soul_torch":13,"minecraft:stone_sword":3,"minecraft:cobblestone_wall":6,"minecraft:sticky_piston":2,"minecraft:slime_block":4,"minecraft:name_tag":1,"minecraft:wolf_armor":1,"minecraft:diamond_sword":1,"minecraft:stone":69,"minecraft:spruce_trapdoor":129,"minecraft:diamond_pickaxe":1,"minecraft:yellow_bed":2,"minecraft:redstone_torch":2,"minecraft:spider_eye":1,"minecraft:stone_bricks":73,"minecraft:barrel":12,"minecraft:bamboo":339,"minecraft:bow":2,"minecraft:black_wool":2,"minecraft:bamboo_trapdoor":129,"minecraft:candle":8,"minecraft:soul_sand":1,"minecraft:diamond_axe":1,"minecraft:oak_log":28,"minecraft:baked_potato":3,"minecraft:ender_pearl":3,"minecraft:lantern":2,"minecraft:leather":7,"minecraft:carrot_on_a_stick":1,"minecraft:flint":5,"minecraft:cobblestone_stairs":10,"minecraft:wither_skeleton_spawn_egg":1,"minecraft:packed_ice":1,"minecraft:amethyst_shard":5,"minecraft:gold_ingot":5,"minecraft:gravel":9,"minecraft:diamond_shovel":2,"minecraft:stone_stairs":168,"minecraft:carrot":98,"minecraft:birch_fence_gate":1,"minecraft:poppy":1374,"minecraft:gunpowder":3,"minecraft:stone_brick_wall":24,"minecraft:chest":2,"minecraft:arrow":5,"minecraft:powered_rail":7,"minecraft:scaffolding":326,"minecraft:oak_leaves":3,"minecraft:netherrack":41,"minecraft:firework_rocket":135,"minecraft:water_bucket":3,"minecraft:stripped_spruce_log":384,"minecraft:oak_slab":2,"minecraft:golden_helmet":1,"minecraft:minecart":9,"minecraft:diamond_leggings":2,"minecraft:netherite_axe":1,"minecraft:lead":2,"minecraft:observer":1,"minecraft:copper_ingot":1,"minecraft:grass_block":204,"minecraft:stick":13,"minecraft:iron_block":2,"minecraft:diorite":7,"minecraft:torch":3,"minecraft:repeater":2,"minecraft:yellow_shulker_box":1,"minecraft:iron_door":4,"minecraft:wither_rose":2,"minecraft:iron_axe":2,"minecraft:bucket":2,"minecraft:redstone":1,"minecraft:oak_trapdoor":6,"minecraft:raw_copper":28,"minecraft:composter":1,"minecraft:bamboo_sign":2,"minecraft:totem_of_undying":1,"minecraft:netherite_leggings":2,"minecraft:flint_and_steel":1,"minecraft:bamboo_stairs":2,"minecraft:bamboo_fence":1,"minecraft:diamond_chestplate":2,"minecraft:andesite":31,"minecraft:quartz_stairs":13,"minecraft:pink_wool":1,"minecraft:oak_sapling":1,"minecraft:golden_sword":158,"minecraft:diamond_boots":2,"minecraft:white_stained_glass":38}},"DataVersion":3953}