{"stats":{"minecraft:custom":{"minecraft:time_since_rest":47774,"minecraft:sprint_one_cm":19195,"minecraft:damage_taken":90,"minecraft:walk_one_cm":138067,"minecraft:drop":3,"minecraft:inspect_hopper":1,"minecraft:swim_one_cm":7456,"minecraft:tune_noteblock":12,"minecraft:fly_one_cm":151285,"minecraft:open_chest":1,"minecraft:crouch_one_cm":3275,"minecraft:play_time":47774,"minecraft:sneak_time":1718,"minecraft:walk_under_water_one_cm":276,"minecraft:jump":148,"minecraft:walk_on_water_one_cm":746,"minecraft:time_since_death":47774,"minecraft:total_world_time":47774,"minecraft:fall_one_cm":1674},"minecraft:picked_up":{"minecraft:crafting_table":1,"minecraft:yellow_shulker_box":1,"minecraft:orange_shulker_box":1,"minecraft:sand":19,"minecraft:redstone":1,"minecraft:dirt":128,"minecraft:wheat_seeds":21,"minecraft:bucket":1,"minecraft:oak_boat":1,"minecraft:bamboo":10,"minecraft:powered_rail":20,"minecraft:chest":2,"minecraft:obsidian":2,"minecraft:ender_pearl":32},"minecraft:used":{"minecraft:sticky_piston":10,"minecraft:mud":7,"minecraft:lever":3,"minecraft:powered_rail":365,"minecraft:redstone":7,"minecraft:slime_block":93,"minecraft:chest":4,"minecraft:redstone_block":216,"minecraft:hopper_minecart":24,"minecraft:copper_bulb":2,"minecraft:dirt":12,"minecraft:hopper":27,"minecraft:note_block":10,"minecraft:observer":39,"minecraft:obsidian":10},"minecraft:dropped":{"minecraft:wheat_seeds":3}},"DataVersion":3953}