{"stats":{"minecraft:dropped":{"minecraft:wheat_seeds":4,"minecraft:diamond_axe":1,"minecraft:pink_bed":4,"minecraft:pink_dye":1,"minecraft:diamond_leggings":2,"minecraft:netherite_chestplate":1,"minecraft:netherite_helmet":1,"minecraft:rotten_flesh":1,"minecraft:diamond_shovel":1,"minecraft:carrot":57,"minecraft:netherite_leggings":1,"minecraft:diamond_sword":1,"minecraft:diamond_chestplate":2,"minecraft:torch":2,"minecraft:diamond_pickaxe":1,"minecraft:pink_wool":1,"minecraft:netherite_boots":1,"minecraft:diamond_helmet":2,"minecraft:bamboo":156,"minecraft:diamond_boots":2,"minecraft:white_wool":51,"minecraft:firework_rocket":1,"minecraft:bamboo_planks":3},"minecraft:crafted":{"minecraft:black_dye":8,"minecraft:red_dye":64,"minecraft:barrel":2,"minecraft:pink_bed":2,"minecraft:lightning_rod":1,"minecraft:red_bed":2,"minecraft:red_wool":60,"minecraft:copper_ingot":3,"minecraft:red_carpet":12,"minecraft:pink_dye":8,"minecraft:air":0,"minecraft:bamboo_stairs":12,"minecraft:bamboo_slab":18,"minecraft:bamboo_planks":128,"minecraft:white_wool":128,"minecraft:pink_wool":7,"minecraft:black_bed":2,"minecraft:black_wool":8,"minecraft:bamboo_trapdoor":4},"minecraft:picked_up":{"minecraft:bamboo_stairs":9,"minecraft:netherite_boots":1,"minecraft:crafting_table":1,"minecraft:yellow_shulker_box":1,"minecraft:gunpowder":2,"minecraft:netherite_leggings":1,"minecraft:dirt":128,"minecraft:red_bed":9,"minecraft:raw_copper":46,"minecraft:red_carpet":31,"minecraft:stone_bricks":51,"minecraft:wheat_seeds":23,"minecraft:diamond_leggings":1,"minecraft:bucket":1,"minecraft:oak_boat":1,"minecraft:poppy":2,"minecraft:diamond_helmet":1,"minecraft:bamboo":1715,"minecraft:powered_rail":33,"minecraft:chest":2,"minecraft:pink_bed":2,"minecraft:orange_shulker_box":1,"minecraft:bamboo_planks":3,"minecraft:torch":2,"minecraft:bamboo_slab":10,"minecraft:sand":19,"minecraft:ink_sac":8,"minecraft:redstone":1,"minecraft:barrel":1,"minecraft:bamboo_block":6,"minecraft:rotten_flesh":1,"minecraft:arrow":1,"minecraft:bamboo_trapdoor":4,"minecraft:diamond_chestplate":1,"minecraft:netherite_helmet":1,"minecraft:diamond_boots":1,"minecraft:netherite_chestplate":1,"minecraft:netherrack":13,"minecraft:obsidian":2,"minecraft:rail":1,"minecraft:cobblestone":2,"minecraft:ender_pearl":32},"minecraft:killed":{"minecraft:spider":1,"minecraft:squid":3,"minecraft:creeper":4,"minecraft:skeleton":1,"minecraft:zombie":2,"minecraft:wither_skeleton":1},"minecraft:killed_by":{"minecraft:wither_skeleton":1},"minecraft:mined":{"minecraft:bamboo_slab":10,"minecraft:red_carpet":30,"minecraft:red_bed":9,"minecraft:bamboo_stairs":9,"minecraft:short_grass":7,"minecraft:poppy":2,"minecraft:copper_ore":6,"minecraft:bamboo_trapdoor":4,"minecraft:bamboo_planks":2,"minecraft:fire":7,"minecraft:barrel":1,"minecraft:oak_log":5,"minecraft:stone_bricks":52,"minecraft:stone":2,"minecraft:netherrack":28},"minecraft:used":{"minecraft:bamboo_trapdoor":8,"minecraft:water_bucket":2,"minecraft:netherite_sword":20,"minecraft:birch_planks":85,"minecraft:yellow_shulker_box":1,"minecraft:powered_rail":392,"minecraft:redstone":47,"minecraft:oak_planks":27,"minecraft:chest":12,"minecraft:redstone_block":216,"minecraft:bamboo_stairs":19,"minecraft:oak_leaves":172,"minecraft:torch":8,"minecraft:anvil":2,"minecraft:dirt":12,"minecraft:rail":2,"minecraft:comparator":2,"minecraft:netherite_leggings":1,"minecraft:hopper":34,"minecraft:red_bed":10,"minecraft:crafter":4,"minecraft:carrot":19,"minecraft:black_bed":2,"minecraft:note_block":10,"minecraft:obsidian":10,"minecraft:lightning_rod":1,"minecraft:sticky_piston":10,"minecraft:mud":7,"minecraft:oak_log":4,"minecraft:lever":3,"minecraft:firework_rocket":68,"minecraft:slime_block":93,"minecraft:oak_stairs":27,"minecraft:bread":4,"minecraft:grass_block":46,"minecraft:netherite_axe":37,"minecraft:hopper_minecart":49,"minecraft:bamboo_slab":16,"minecraft:wooden_sword":7,"minecraft:bamboo":2,"minecraft:copper_bulb":2,"minecraft:barrel":1,"minecraft:stone_bricks":12,"minecraft:netherite_boots":1,"minecraft:red_carpet":31,"minecraft:bow":30,"minecraft:white_stained_glass":469,"minecraft:netherite_pickaxe":93,"minecraft:observer":39,"minecraft:bamboo_planks":59},"minecraft:custom":{"minecraft:interact_with_smithing_table":1,"minecraft:interact_with_furnace":4,"minecraft:interact_with_anvil":12,"minecraft:mob_kills":13,"minecraft:inspect_hopper":25,"minecraft:interact_with_crafting_table":8,"minecraft:tune_noteblock":14,"minecraft:open_barrel":2,"minecraft:open_shulker_box":6,"minecraft:leave_game":3,"minecraft:time_since_death":20376,"minecraft:sleep_in_bed":4,"minecraft:time_since_rest":10215,"minecraft:sprint_one_cm":147514,"minecraft:damage_taken":980,"minecraft:walk_one_cm":338793,"minecraft:drop":40,"minecraft:damage_dealt":1143,"minecraft:swim_one_cm":18826,"minecraft:fly_one_cm":412016,"minecraft:open_chest":92,"minecraft:play_time":173016,"minecraft:crouch_one_cm":12578,"minecraft:sneak_time":4778,"minecraft:deaths":1,"minecraft:walk_under_water_one_cm":81073,"minecraft:aviate_one_cm":1503968,"minecraft:jump":784,"minecraft:walk_on_water_one_cm":4092,"minecraft:total_world_time":173016,"minecraft:fall_one_cm":20900}},"DataVersion":3953}