{"stats":{"minecraft:crafted":{"minecraft:oak_planks":88,"minecraft:cobblestone_slab":48,"minecraft:oak_sign":3,"minecraft:stone_brick_wall":24,"minecraft:furnace":1,"minecraft:stone":155,"minecraft:cobblestone_stairs":636,"minecraft:flint_and_steel":2,"minecraft:stone_brick_slab":30,"minecraft:cobblestone_wall":72,"minecraft:chest":2,"minecraft:stone_bricks":1336,"minecraft:crafting_table":2,"minecraft:bucket":1,"minecraft:birch_planks":108,"minecraft:air":0,"minecraft:stone_brick_stairs":136,"minecraft:stick":4,"minecraft:iron_ingot":9,"minecraft:white_bed":1},"minecraft:dropped":{"minecraft:water_bucket":1,"minecraft:netherite_pickaxe":2,"minecraft:birch_planks":1,"minecraft:wheat_seeds":3,"minecraft:ominous_bottle":1,"minecraft:golden_helmet":3,"minecraft:oak_log":1,"minecraft:baked_potato":3,"minecraft:glass_bottle":2,"minecraft:netherite_chestplate":1,"minecraft:crossbow":1,"minecraft:cobblestone":4,"minecraft:honeycomb":1,"minecraft:bamboo_block":1,"minecraft:grass_block":2,"minecraft:stick":2,"minecraft:flint":1,"minecraft:cobblestone_stairs":143,"minecraft:torch":3,"minecraft:waxed_weathered_copper_bulb":1,"minecraft:scrape_pottery_sherd":1,"minecraft:waxed_copper_bulb":1,"minecraft:oak_stairs":1,"minecraft:sugar":6,"minecraft:birch_log":2,"minecraft:birch_stairs":1,"minecraft:gold_ingot":1,"minecraft:redstone":14,"minecraft:bone":4,"minecraft:gravel":13,"minecraft:oak_trapdoor":2,"minecraft:flow_pottery_sherd":1,"minecraft:chiseled_tuff_bricks":2,"minecraft:cobblestone_wall":51,"minecraft:cobbled_deepslate":127,"minecraft:raw_copper":32,"minecraft:bamboo_hanging_sign":4,"minecraft:netherite_sword":4,"minecraft:tuff":12,"minecraft:rotten_flesh":38,"minecraft:oak_planks":17,"minecraft:waxed_copper_block":3,"minecraft:carrot":3,"minecraft:flint_and_steel":2,"minecraft:deepslate_bricks":2,"minecraft:cobblestone_slab":18,"minecraft:tipped_arrow":1,"minecraft:stone":3,"minecraft:flower_pot":1,"minecraft:gunpowder":8,"minecraft:quartz_stairs":4,"minecraft:stone_brick_wall":1,"minecraft:waxed_oxidized_cut_copper":2,"minecraft:stone_bricks":1,"minecraft:bamboo":1,"minecraft:arrow":1,"minecraft:chiseled_tuff":1,"minecraft:bow":4,"minecraft:glass":9,"minecraft:porkchop":4,"minecraft:stone_brick_stairs":3,"minecraft:waxed_oxidized_copper_grate":6,"minecraft:brick":34},"minecraft:killed":{"minecraft:evoker":1,"minecraft:vex":10,"minecraft:bogged":8,"minecraft:zombified_piglin":2,"minecraft:witch":4,"minecraft:spider":5,"minecraft:vindicator":8,"minecraft:skeleton":6,"minecraft:bee":1,"minecraft:silverfish":3,"minecraft:warden":1,"minecraft:cat":1,"minecraft:pig":2,"minecraft:husk":6,"minecraft:zombie_villager":1,"minecraft:wandering_trader":1,"minecraft:ravager":2,"minecraft:creeper":2,"minecraft:pillager":11,"minecraft:zombie":8},"minecraft:killed_by":{"minecraft:player":1,"minecraft:creeper":1,"minecraft:warden":6},"minecraft:custom":{"minecraft:animals_bred":2,"minecraft:interact_with_anvil":6,"minecraft:mob_kills":85,"minecraft:interact_with_crafting_table":48,"minecraft:open_barrel":1,"minecraft:open_shulker_box":1,"minecraft:bell_ring":18,"minecraft:leave_game":6,"minecraft:time_since_death":231331,"minecraft:climb_one_cm":2266,"minecraft:damage_resisted":1277,"minecraft:sprint_one_cm":1040942,"minecraft:walk_one_cm":1554924,"minecraft:drop":94,"minecraft:talked_to_villager":2,"minecraft:raid_win":1,"minecraft:play_time":634918,"minecraft:sneak_time":63713,"minecraft:deaths":9,"minecraft:walk_under_water_one_cm":144025,"minecraft:jump":4814,"minecraft:walk_on_water_one_cm":105231,"minecraft:total_world_time":634918,"minecraft:interact_with_furnace":25,"minecraft:raid_trigger":1,"minecraft:sleep_in_bed":32,"minecraft:time_since_rest":43058,"minecraft:damage_absorbed":159,"minecraft:damage_taken":9159,"minecraft:damage_dealt":13638,"minecraft:interact_with_beacon":2,"minecraft:swim_one_cm":427,"minecraft:fly_one_cm":1358797,"minecraft:pig_one_cm":1860,"minecraft:open_chest":163,"minecraft:crouch_one_cm":234382,"minecraft:aviate_one_cm":1678915,"minecraft:fall_one_cm":157037},"minecraft:picked_up":{"minecraft:waxed_oxidized_cut_copper":2,"minecraft:crafting_table":5,"minecraft:ominous_bottle":2,"minecraft:flower_pot":1,"minecraft:lead":8,"minecraft:diamond_sword":1,"minecraft:oak_stairs":9,"minecraft:stone_brick_wall":6,"minecraft:gold_block":33,"minecraft:potion":2,"minecraft:dragon_head":2,"minecraft:stone_brick_stairs":171,"minecraft:brick":34,"minecraft:polished_deepslate_wall":6,"minecraft:wind_charge":2,"minecraft:oak_trapdoor":1,"minecraft:elytra":2,"minecraft:raw_copper":32,"minecraft:iron_axe":1,"minecraft:flint_and_steel":1,"minecraft:item_frame":4,"minecraft:diamond_leggings":1,"minecraft:candle":3,"minecraft:cobbled_deepslate":127,"minecraft:netherite_sword":6,"minecraft:trial_key":1,"minecraft:chiseled_tuff":1,"minecraft:cobblestone_slab":9,"minecraft:quartz_stairs":4,"minecraft:chest":1,"minecraft:waxed_oxidized_copper":1,"minecraft:tipped_arrow":5,"minecraft:golden_helmet":3,"minecraft:stick":2,"minecraft:stone":4,"minecraft:torch":6,"minecraft:porkchop":4,"minecraft:flow_pottery_sherd":1,"minecraft:waxed_weathered_copper_bulb":1,"minecraft:diorite":4,"minecraft:carrot":18,"minecraft:redstone":21,"minecraft:netherite_pickaxe":3,"minecraft:bamboo_block":1,"minecraft:arrow":41,"minecraft:rotten_flesh":40,"minecraft:diamond_chestplate":1,"minecraft:deepslate_bricks":2,"minecraft:diamond_boots":1,"minecraft:saddle":4,"minecraft:totem_of_undying":2,"minecraft:netherite_chestplate":2,"minecraft:tuff_bricks":23,"minecraft:obsidian":4,"minecraft:rail":23,"minecraft:cobblestone":1232,"minecraft:birch_log":29,"minecraft:netherite_boots":2,"minecraft:golden_carrot":1,"minecraft:water_bucket":1,"minecraft:birch_planks":1,"minecraft:flint":3,"minecraft:waxed_copper_bulb":1,"minecraft:tuff":12,"minecraft:oak_log":51,"minecraft:waxed_copper_block":3,"minecraft:cobblestone_wall":49,"minecraft:cobblestone_stairs":478,"minecraft:gunpowder":6,"minecraft:wither_skeleton_skull":3,"minecraft:netherite_leggings":1,"minecraft:white_banner":4,"minecraft:bone":34,"minecraft:apple":2,"minecraft:stone_bricks":138,"minecraft:bow":5,"minecraft:wheat_seeds":8,"minecraft:iron_ingot":5,"minecraft:cooked_chicken":2,"minecraft:netherite_axe":1,"minecraft:diamond_helmet":1,"minecraft:bamboo":1,"minecraft:oak_planks":6,"minecraft:scrape_pottery_sherd":1,"minecraft:stone_brick_slab":31,"minecraft:gravel":13,"minecraft:soul_torch":6,"minecraft:spider_eye":3,"minecraft:firework_rocket":128,"minecraft:diamond_shovel":2,"minecraft:sugar":6,"minecraft:netherite_helmet":2,"minecraft:waxed_oxidized_copper_grate":6,"minecraft:crossbow":5,"minecraft:diamond_axe":1,"minecraft:white_concrete":34,"minecraft:golden_apple":1,"minecraft:gray_wool":2,"minecraft:emerald":19,"minecraft:bread":3,"minecraft:baked_potato":3,"minecraft:oak_sapling":6,"minecraft:chiseled_tuff_bricks":4,"minecraft:diamond_pickaxe":1},"minecraft:used":{"minecraft:tuff_bricks":7,"minecraft:oak_sign":1,"minecraft:oak_trapdoor":57,"minecraft:flint_and_steel":10,"minecraft:chest":3,"minecraft:stone":2,"minecraft:trial_key":1,"minecraft:oak_door":4,"minecraft:torch":14,"minecraft:cobblestone_wall":52,"minecraft:carrot":97,"minecraft:obsidian":31,"minecraft:glass":50,"minecraft:stone_brick_slab":32,"minecraft:waxed_oxidized_copper":1,"minecraft:grass_block":34,"minecraft:oak_stairs":597,"minecraft:stone_brick_stairs":293,"minecraft:totem_of_undying":4,"minecraft:stone_bricks":840,"minecraft:item_frame":5,"minecraft:netherite_boots":1,"minecraft:golden_carrot":27,"minecraft:bow":160,"minecraft:ominous_bottle":1,"minecraft:oak_sapling":3,"minecraft:furnace":1,"minecraft:netherite_pickaxe":2710,"minecraft:dragon_head":1,"minecraft:water_bucket":267,"minecraft:cobblestone_stairs":974,"minecraft:lead":4,"minecraft:wither_skeleton_skull":3,"minecraft:birch_planks":649,"minecraft:oak_planks":815,"minecraft:red_stained_glass":1,"minecraft:netherite_chestplate":15,"minecraft:cobblestone_slab":17,"minecraft:golden_apple":2,"minecraft:oak_slab":165,"minecraft:crafting_table":7,"minecraft:crossbow":4,"minecraft:white_bed":1,"minecraft:stone_brick_wall":50,"minecraft:oak_log":199,"minecraft:firework_rocket":124,"minecraft:diamond_shovel":16,"minecraft:wind_charge":5,"minecraft:netherite_axe":121,"minecraft:potion":2,"minecraft:cobblestone":770,"minecraft:netherite_sword":243,"minecraft:white_stained_glass":2,"minecraft:birch_stairs":6,"minecraft:bucket":268,"minecraft:elytra":15,"minecraft:white_concrete":75,"minecraft:gray_wool":2,"minecraft:air":1,"minecraft:experience_bottle":2,"minecraft:soul_torch":21,"minecraft:oak_fence":28},"minecraft:broken":{"minecraft:crossbow":1},"minecraft:mined":{"minecraft:dragon_wall_head":1,"minecraft:cobblestone_stairs":545,"minecraft:tuff":12,"minecraft:oak_sapling":1,"minecraft:quartz_stairs":2,"minecraft:obsidian":5,"minecraft:stone_brick_wall":6,"minecraft:decorated_pot":9,"minecraft:white_concrete":39,"minecraft:chiseled_tuff_bricks":2,"minecraft:bamboo_block":1,"minecraft:tuff_bricks":24,"minecraft:spawner":1,"minecraft:waxed_oxidized_cut_copper":2,"minecraft:dragon_head":1,"minecraft:gold_block":36,"minecraft:chiseled_tuff":1,"minecraft:bell":1,"minecraft:sculk_shrieker":1,"minecraft:cobblestone_slab":11,"minecraft:rail":3,"minecraft:oak_stairs":9,"minecraft:waxed_weathered_copper_bulb":1,"minecraft:stone":1079,"minecraft:iron_block":1,"minecraft:soul_wall_torch":1,"minecraft:stone_brick_slab":32,"minecraft:soul_torch":5,"minecraft:crafting_table":5,"minecraft:short_grass":1,"minecraft:poppy":1,"minecraft:chest":1,"minecraft:copper_ore":2,"minecraft:wither_skeleton_wall_skull":2,"minecraft:cobblestone":364,"minecraft:oak_planks":6,"minecraft:diorite":5,"minecraft:wall_torch":3,"minecraft:gray_wool":2,"minecraft:waxed_copper_bulb":1,"minecraft:birch_planks":1,"minecraft:cobblestone_wall":42,"minecraft:waxed_oxidized_copper_grate":6,"minecraft:birch_log":29,"minecraft:lilac":1,"minecraft:waxed_copper_block":3,"minecraft:stone_brick_stairs":177,"minecraft:oak_log":51,"minecraft:gravel":17,"minecraft:waxed_oxidized_copper":1,"minecraft:flower_pot":1,"minecraft:stone_bricks":152,"minecraft:polished_deepslate_wall":7,"minecraft:oak_leaves":5,"minecraft:deepslate":131,"minecraft:infested_stone":3}},"DataVersion":3953}