{"stats":{"minecraft:custom":{"minecraft:jump":21,"minecraft:time_since_rest":15337,"minecraft:crouch_one_cm":107,"minecraft:sprint_one_cm":3834,"minecraft:play_time":15337,"minecraft:time_since_death":15337,"minecraft:walk_one_cm":16394,"minecraft:sneak_time":154,"minecraft:total_world_time":15337,"minecraft:fly_one_cm":36113},"minecraft:picked_up":{"minecraft:wheat_seeds":5},"minecraft:used":{"minecraft:oak_log":27,"minecraft:white_stained_glass":2,"minecraft:oak_planks":26,"minecraft:glass":16,"minecraft:stone_brick_wall":6,"minecraft:oak_slab":40,"minecraft:birch_planks":53,"minecraft:oak_stairs":23}},"DataVersion":3953}