{"stats":{"minecraft:crafted":{"minecraft:oak_planks":20,"minecraft:cobblestone_slab":24,"minecraft:crafting_table":1,"minecraft:cobblestone_stairs":616,"minecraft:bucket":1,"minecraft:flint_and_steel":1,"minecraft:iron_ingot":9,"minecraft:cobblestone_wall":48},"minecraft:picked_up":{"minecraft:netherite_boots":2,"minecraft:crafting_table":5,"minecraft:diamond_sword":1,"minecraft:flint":2,"minecraft:oak_log":5,"minecraft:gunpowder":2,"minecraft:cobblestone_wall":3,"minecraft:cobblestone_stairs":339,"minecraft:netherite_leggings":1,"minecraft:oak_trapdoor":1,"minecraft:elytra":2,"minecraft:raw_copper":32,"minecraft:bone":4,"minecraft:apple":1,"minecraft:wheat_seeds":8,"minecraft:bow":2,"minecraft:diamond_leggings":1,"minecraft:netherite_sword":4,"minecraft:netherite_axe":1,"minecraft:diamond_helmet":1,"minecraft:bamboo":1,"minecraft:oak_planks":1,"minecraft:golden_helmet":2,"minecraft:gravel":13,"minecraft:carrot":15,"minecraft:netherite_pickaxe":3,"minecraft:spider_eye":3,"minecraft:bamboo_block":1,"minecraft:firework_rocket":128,"minecraft:diamond_shovel":2,"minecraft:arrow":4,"minecraft:rotten_flesh":10,"minecraft:diamond_chestplate":1,"minecraft:netherite_helmet":2,"minecraft:diamond_boots":1,"minecraft:diamond_axe":1,"minecraft:white_concrete":10,"minecraft:netherite_chestplate":2,"minecraft:obsidian":2,"minecraft:rail":23,"minecraft:cobblestone":1052,"minecraft:diamond_pickaxe":1},"minecraft:mined":{"minecraft:cobblestone_stairs":463,"minecraft:obsidian":3,"minecraft:crafting_table":5,"minecraft:white_concrete":10,"minecraft:copper_ore":2,"minecraft:cobblestone":206,"minecraft:bamboo_block":1,"minecraft:oak_planks":1,"minecraft:cobblestone_wall":27,"minecraft:oak_log":5,"minecraft:rail":3,"minecraft:gravel":16,"minecraft:stone":1074,"minecraft:infested_stone":3},"minecraft:used":{"minecraft:oak_trapdoor":57,"minecraft:oak_fence":28,"minecraft:water_bucket":57,"minecraft:netherite_sword":33,"minecraft:cobblestone_stairs":894,"minecraft:flint_and_steel":1,"minecraft:birch_planks":648,"minecraft:red_stained_glass":1,"minecraft:oak_planks":800,"minecraft:cobblestone_slab":6,"minecraft:oak_door":4,"minecraft:torch":11,"minecraft:oak_slab":165,"minecraft:crafting_table":5,"minecraft:cobblestone_wall":27,"minecraft:carrot":58,"minecraft:stone_brick_wall":40,"minecraft:obsidian":29,"minecraft:oak_log":199,"minecraft:glass":50,"minecraft:firework_rocket":67,"minecraft:diamond_shovel":16,"minecraft:oak_stairs":594,"minecraft:grass_block":34,"minecraft:netherite_axe":12,"minecraft:cobblestone":545,"minecraft:bow":44,"minecraft:white_stained_glass":2,"minecraft:bucket":58,"minecraft:netherite_pickaxe":1792,"minecraft:white_concrete":75,"minecraft:birch_stairs":6},"minecraft:custom":{"minecraft:interact_with_anvil":1,"minecraft:mob_kills":14,"minecraft:interact_with_crafting_table":10,"minecraft:leave_game":2,"minecraft:time_since_death":211375,"minecraft:sleep_in_bed":10,"minecraft:time_since_rest":4120,"minecraft:sprint_one_cm":215711,"minecraft:damage_taken":2303,"minecraft:walk_one_cm":606842,"minecraft:drop":26,"minecraft:damage_dealt":1132,"minecraft:interact_with_beacon":2,"minecraft:swim_one_cm":342,"minecraft:fly_one_cm":725481,"minecraft:open_chest":32,"minecraft:play_time":211375,"minecraft:crouch_one_cm":67475,"minecraft:sneak_time":18001,"minecraft:walk_under_water_one_cm":22412,"minecraft:aviate_one_cm":982073,"minecraft:jump":1473,"minecraft:walk_on_water_one_cm":13267,"minecraft:total_world_time":211375,"minecraft:fall_one_cm":51336},"minecraft:killed":{"minecraft:cat":1,"minecraft:spider":3,"minecraft:skeleton":2,"minecraft:zombie":4,"minecraft:bee":1,"minecraft:silverfish":3},"minecraft:dropped":{"minecraft:netherite_pickaxe":2,"minecraft:birch_planks":1,"minecraft:wheat_seeds":3,"minecraft:oak_trapdoor":2,"minecraft:golden_helmet":1,"minecraft:oak_log":1,"minecraft:netherite_sword":2,"minecraft:netherite_chestplate":1,"minecraft:rotten_flesh":5,"minecraft:oak_planks":17,"minecraft:grass_block":2,"minecraft:bamboo_block":1,"minecraft:carrot":3,"minecraft:flint_and_steel":1,"minecraft:bamboo":1,"minecraft:oak_stairs":1,"minecraft:bow":1,"minecraft:glass":9,"minecraft:birch_stairs":1}},"DataVersion":3953}