{"stats":{"minecraft:picked_up":{"minecraft:netherite_boots":2,"minecraft:diamond_sword":1,"minecraft:cobblestone_wall":3,"minecraft:gunpowder":2,"minecraft:cobblestone_stairs":12,"minecraft:netherite_leggings":1,"minecraft:oak_trapdoor":1,"minecraft:elytra":2,"minecraft:diamond_leggings":1,"minecraft:bow":2,"minecraft:wheat_seeds":8,"minecraft:netherite_sword":4,"minecraft:netherite_axe":1,"minecraft:diamond_helmet":1,"minecraft:bamboo":1,"minecraft:carrot":14,"minecraft:netherite_pickaxe":3,"minecraft:diamond_shovel":2,"minecraft:bamboo_block":1,"minecraft:firework_rocket":128,"minecraft:arrow":1,"minecraft:rotten_flesh":1,"minecraft:diamond_chestplate":1,"minecraft:netherite_helmet":2,"minecraft:diamond_boots":1,"minecraft:diamond_axe":1,"minecraft:white_concrete":8,"minecraft:netherite_chestplate":2,"minecraft:obsidian":1,"minecraft:cobblestone":16,"minecraft:diamond_pickaxe":1},"minecraft:used":{"minecraft:oak_trapdoor":57,"minecraft:oak_fence":28,"minecraft:water_bucket":8,"minecraft:netherite_sword":4,"minecraft:cobblestone_stairs":161,"minecraft:birch_planks":648,"minecraft:red_stained_glass":1,"minecraft:oak_planks":799,"minecraft:oak_door":4,"minecraft:torch":10,"minecraft:oak_slab":165,"minecraft:cobblestone_wall":27,"minecraft:carrot":24,"minecraft:stone_brick_wall":40,"minecraft:obsidian":24,"minecraft:oak_log":199,"minecraft:glass":50,"minecraft:firework_rocket":11,"minecraft:grass_block":34,"minecraft:oak_stairs":594,"minecraft:cobblestone":190,"minecraft:bow":7,"minecraft:white_stained_glass":2,"minecraft:bucket":9,"minecraft:netherite_pickaxe":73,"minecraft:white_concrete":69,"minecraft:birch_stairs":6},"minecraft:mined":{"minecraft:cobblestone_stairs":15,"minecraft:obsidian":1,"minecraft:white_concrete":8,"minecraft:cobblestone":21,"minecraft:bamboo_block":1,"minecraft:cobblestone_wall":27},"minecraft:custom":{"minecraft:mob_kills":3,"minecraft:interact_with_crafting_table":4,"minecraft:leave_game":2,"minecraft:time_since_death":134686,"minecraft:sleep_in_bed":4,"minecraft:time_since_rest":4778,"minecraft:sprint_one_cm":134163,"minecraft:damage_taken":766,"minecraft:walk_one_cm":257878,"minecraft:drop":18,"minecraft:damage_dealt":300,"minecraft:interact_with_beacon":1,"minecraft:swim_one_cm":342,"minecraft:fly_one_cm":632749,"minecraft:open_chest":21,"minecraft:crouch_one_cm":11209,"minecraft:play_time":134686,"minecraft:sneak_time":5518,"minecraft:walk_under_water_one_cm":5040,"minecraft:aviate_one_cm":309291,"minecraft:jump":816,"minecraft:walk_on_water_one_cm":1777,"minecraft:total_world_time":134686,"minecraft:fall_one_cm":13204},"minecraft:killed":{"minecraft:cat":1,"minecraft:spider":1,"minecraft:bee":1},"minecraft:dropped":{"minecraft:netherite_pickaxe":1,"minecraft:birch_planks":1,"minecraft:wheat_seeds":3,"minecraft:oak_trapdoor":2,"minecraft:oak_log":1,"minecraft:netherite_sword":2,"minecraft:netherite_chestplate":1,"minecraft:rotten_flesh":1,"minecraft:oak_planks":1,"minecraft:grass_block":2,"minecraft:carrot":2,"minecraft:oak_stairs":1,"minecraft:bamboo":1,"minecraft:bow":1,"minecraft:birch_stairs":1},"minecraft:crafted":{"minecraft:cobblestone_stairs":152,"minecraft:bucket":1,"minecraft:iron_ingot":9,"minecraft:cobblestone_wall":48}},"DataVersion":3953}