{"stats":{"minecraft:killed_by":{"minecraft:creeper":1},"minecraft:dropped":{"minecraft:netherite_pickaxe":2,"minecraft:birch_planks":1,"minecraft:wheat_seeds":3,"minecraft:oak_trapdoor":2,"minecraft:golden_helmet":2,"minecraft:oak_log":1,"minecraft:netherite_sword":3,"minecraft:netherite_chestplate":1,"minecraft:rotten_flesh":10,"minecraft:oak_planks":17,"minecraft:bamboo_block":1,"minecraft:grass_block":2,"minecraft:carrot":3,"minecraft:flint_and_steel":2,"minecraft:cobblestone_slab":18,"minecraft:stone":2,"minecraft:bamboo":1,"minecraft:oak_stairs":1,"minecraft:bow":1,"minecraft:glass":9,"minecraft:birch_stairs":1,"minecraft:bone":4},"minecraft:used":{"minecraft:oak_trapdoor":57,"minecraft:oak_fence":28,"minecraft:water_bucket":95,"minecraft:netherite_sword":33,"minecraft:cobblestone_stairs":941,"minecraft:flint_and_steel":4,"minecraft:birch_planks":648,"minecraft:red_stained_glass":1,"minecraft:oak_planks":800,"minecraft:cobblestone_slab":6,"minecraft:oak_door":4,"minecraft:torch":11,"minecraft:oak_slab":165,"minecraft:crafting_table":6,"minecraft:cobblestone_wall":34,"minecraft:carrot":72,"minecraft:stone_brick_wall":40,"minecraft:obsidian":29,"minecraft:oak_log":199,"minecraft:glass":50,"minecraft:firework_rocket":82,"minecraft:diamond_shovel":16,"minecraft:oak_stairs":594,"minecraft:grass_block":34,"minecraft:netherite_axe":86,"minecraft:stone_brick_stairs":74,"minecraft:stone_bricks":58,"minecraft:cobblestone":548,"minecraft:bow":50,"minecraft:furnace":1,"minecraft:white_stained_glass":2,"minecraft:bucket":96,"minecraft:netherite_pickaxe":2013,"minecraft:white_concrete":75,"minecraft:birch_stairs":6},"minecraft:custom":{"minecraft:interact_with_furnace":25,"minecraft:interact_with_anvil":1,"minecraft:mob_kills":17,"minecraft:interact_with_crafting_table":30,"minecraft:leave_game":3,"minecraft:time_since_death":34264,"minecraft:sleep_in_bed":14,"minecraft:time_since_rest":10226,"minecraft:damage_taken":2914,"minecraft:sprint_one_cm":334090,"minecraft:walk_one_cm":761484,"minecraft:drop":34,"minecraft:damage_dealt":1132,"minecraft:interact_with_beacon":2,"minecraft:swim_one_cm":342,"minecraft:fly_one_cm":805018,"minecraft:open_chest":37,"minecraft:play_time":295723,"minecraft:crouch_one_cm":78446,"minecraft:deaths":1,"minecraft:sneak_time":20121,"minecraft:walk_under_water_one_cm":52814,"minecraft:aviate_one_cm":1220065,"minecraft:jump":1913,"minecraft:walk_on_water_one_cm":33596,"minecraft:total_world_time":295723,"minecraft:fall_one_cm":65935},"minecraft:killed":{"minecraft:cat":1,"minecraft:spider":3,"minecraft:creeper":1,"minecraft:skeleton":4,"minecraft:zombie":4,"minecraft:bee":1,"minecraft:silverfish":3},"minecraft:crafted":{"minecraft:oak_planks":20,"minecraft:cobblestone_slab":24,"minecraft:crafting_table":1,"minecraft:furnace":1,"minecraft:cobblestone_stairs":616,"minecraft:stone":155,"minecraft:bucket":1,"minecraft:birch_planks":108,"minecraft:air":0,"minecraft:flint_and_steel":2,"minecraft:stone_brick_stairs":64,"minecraft:iron_ingot":9,"minecraft:cobblestone_wall":48,"minecraft:stone_bricks":152},"minecraft:picked_up":{"minecraft:birch_log":29,"minecraft:netherite_boots":2,"minecraft:crafting_table":5,"minecraft:diamond_sword":1,"minecraft:flint":2,"minecraft:stone_brick_stairs":13,"minecraft:oak_log":34,"minecraft:polished_deepslate_wall":6,"minecraft:gunpowder":2,"minecraft:cobblestone_wall":3,"minecraft:cobblestone_stairs":464,"minecraft:netherite_leggings":1,"minecraft:oak_trapdoor":1,"minecraft:elytra":2,"minecraft:raw_copper":32,"minecraft:flint_and_steel":1,"minecraft:bone":8,"minecraft:apple":1,"minecraft:stone_bricks":2,"minecraft:bow":2,"minecraft:wheat_seeds":8,"minecraft:diamond_leggings":1,"minecraft:netherite_sword":5,"minecraft:netherite_axe":1,"minecraft:diamond_helmet":1,"minecraft:bamboo":1,"minecraft:oak_planks":1,"minecraft:golden_helmet":3,"minecraft:stone":2,"minecraft:gravel":13,"minecraft:carrot":15,"minecraft:netherite_pickaxe":3,"minecraft:spider_eye":3,"minecraft:bamboo_block":1,"minecraft:firework_rocket":128,"minecraft:diamond_shovel":2,"minecraft:arrow":4,"minecraft:rotten_flesh":10,"minecraft:diamond_chestplate":1,"minecraft:netherite_helmet":2,"minecraft:diamond_boots":1,"minecraft:diamond_axe":1,"minecraft:white_concrete":10,"minecraft:netherite_chestplate":2,"minecraft:obsidian":2,"minecraft:rail":23,"minecraft:cobblestone":1207,"minecraft:diamond_pickaxe":1},"minecraft:mined":{"minecraft:cobblestone_stairs":528,"minecraft:obsidian":3,"minecraft:crafting_table":5,"minecraft:white_concrete":10,"minecraft:copper_ore":2,"minecraft:cobblestone":333,"minecraft:oak_planks":1,"minecraft:bamboo_block":1,"minecraft:cobblestone_wall":27,"minecraft:birch_log":29,"minecraft:stone_brick_stairs":14,"minecraft:oak_log":34,"minecraft:rail":3,"minecraft:gravel":16,"minecraft:stone_bricks":3,"minecraft:stone":1079,"minecraft:polished_deepslate_wall":7,"minecraft:oak_leaves":5,"minecraft:infested_stone":3}},"DataVersion":3953}