{"stats":{"minecraft:killed":{"minecraft:bogged":8,"minecraft:vindicator":2,"minecraft:spider":3,"minecraft:skeleton":6,"minecraft:bee":1,"minecraft:silverfish":3,"minecraft:warden":1,"minecraft:cat":1,"minecraft:husk":6,"minecraft:ravager":1,"minecraft:creeper":1,"minecraft:pillager":2,"minecraft:zombie":4},"minecraft:custom":{"minecraft:interact_with_anvil":5,"minecraft:mob_kills":40,"minecraft:interact_with_crafting_table":30,"minecraft:open_barrel":1,"minecraft:open_shulker_box":1,"minecraft:leave_game":3,"minecraft:time_since_death":20559,"minecraft:climb_one_cm":2266,"minecraft:sprint_one_cm":460323,"minecraft:walk_one_cm":893539,"minecraft:drop":66,"minecraft:talked_to_villager":1,"minecraft:play_time":354710,"minecraft:deaths":7,"minecraft:sneak_time":42919,"minecraft:walk_under_water_one_cm":54165,"minecraft:jump":2491,"minecraft:walk_on_water_one_cm":41584,"minecraft:total_world_time":354710,"minecraft:interact_with_furnace":25,"minecraft:raid_trigger":1,"minecraft:sleep_in_bed":14,"minecraft:time_since_rest":20587,"minecraft:damage_absorbed":120,"minecraft:damage_taken":5673,"minecraft:damage_dealt":4578,"minecraft:interact_with_beacon":2,"minecraft:swim_one_cm":342,"minecraft:fly_one_cm":903587,"minecraft:open_chest":57,"minecraft:crouch_one_cm":169135,"minecraft:aviate_one_cm":1273129,"minecraft:fall_one_cm":86182},"minecraft:dropped":{"minecraft:netherite_pickaxe":2,"minecraft:birch_planks":1,"minecraft:ominous_bottle":1,"minecraft:wheat_seeds":3,"minecraft:golden_helmet":3,"minecraft:oak_log":1,"minecraft:glass_bottle":2,"minecraft:netherite_chestplate":1,"minecraft:cobblestone":4,"minecraft:bamboo_block":1,"minecraft:grass_block":2,"minecraft:flint":1,"minecraft:cobblestone_stairs":143,"minecraft:waxed_weathered_copper_bulb":1,"minecraft:scrape_pottery_sherd":1,"minecraft:waxed_copper_bulb":1,"minecraft:oak_stairs":1,"minecraft:birch_log":2,"minecraft:birch_stairs":1,"minecraft:bone":4,"minecraft:gravel":13,"minecraft:oak_trapdoor":2,"minecraft:flow_pottery_sherd":1,"minecraft:cobblestone_wall":51,"minecraft:raw_copper":32,"minecraft:bamboo_hanging_sign":4,"minecraft:netherite_sword":4,"minecraft:rotten_flesh":10,"minecraft:oak_planks":17,"minecraft:waxed_copper_block":3,"minecraft:carrot":3,"minecraft:flint_and_steel":2,"minecraft:deepslate_bricks":2,"minecraft:cobblestone_slab":18,"minecraft:tipped_arrow":1,"minecraft:stone":3,"minecraft:gunpowder":2,"minecraft:stone_brick_wall":1,"minecraft:bamboo":1,"minecraft:glass":9,"minecraft:chiseled_tuff":1,"minecraft:bow":3,"minecraft:stone_brick_stairs":3},"minecraft:mined":{"minecraft:tuff":12,"minecraft:cobblestone_stairs":528,"minecraft:obsidian":3,"minecraft:decorated_pot":9,"minecraft:white_concrete":10,"minecraft:chiseled_tuff_bricks":2,"minecraft:bamboo_block":1,"minecraft:tuff_bricks":24,"minecraft:spawner":1,"minecraft:waxed_oxidized_cut_copper":2,"minecraft:chiseled_tuff":1,"minecraft:sculk_shrieker":1,"minecraft:rail":3,"minecraft:waxed_weathered_copper_bulb":1,"minecraft:stone":1079,"minecraft:iron_block":1,"minecraft:crafting_table":5,"minecraft:copper_ore":2,"minecraft:cobblestone":333,"minecraft:oak_planks":1,"minecraft:waxed_copper_bulb":1,"minecraft:gray_wool":2,"minecraft:cobblestone_wall":27,"minecraft:waxed_oxidized_copper_grate":6,"minecraft:birch_log":29,"minecraft:waxed_copper_block":3,"minecraft:stone_brick_stairs":14,"minecraft:oak_log":34,"minecraft:waxed_oxidized_copper":1,"minecraft:gravel":17,"minecraft:flower_pot":1,"minecraft:stone_bricks":4,"minecraft:polished_deepslate_wall":7,"minecraft:oak_leaves":5,"minecraft:deepslate":131,"minecraft:infested_stone":3},"minecraft:picked_up":{"minecraft:waxed_oxidized_cut_copper":2,"minecraft:crafting_table":5,"minecraft:ominous_bottle":2,"minecraft:flower_pot":1,"minecraft:diamond_sword":1,"minecraft:potion":2,"minecraft:stone_brick_stairs":13,"minecraft:brick":34,"minecraft:polished_deepslate_wall":6,"minecraft:wind_charge":2,"minecraft:oak_trapdoor":1,"minecraft:elytra":2,"minecraft:raw_copper":32,"minecraft:flint_and_steel":1,"minecraft:diamond_leggings":1,"minecraft:cobbled_deepslate":127,"minecraft:candle":3,"minecraft:netherite_sword":6,"minecraft:trial_key":1,"minecraft:chiseled_tuff":1,"minecraft:waxed_oxidized_copper":1,"minecraft:golden_helmet":3,"minecraft:tipped_arrow":5,"minecraft:stone":2,"minecraft:flow_pottery_sherd":1,"minecraft:waxed_weathered_copper_bulb":1,"minecraft:carrot":15,"minecraft:netherite_pickaxe":3,"minecraft:bamboo_block":1,"minecraft:arrow":40,"minecraft:rotten_flesh":32,"minecraft:diamond_chestplate":1,"minecraft:diamond_boots":1,"minecraft:deepslate_bricks":2,"minecraft:saddle":1,"minecraft:netherite_chestplate":2,"minecraft:tuff_bricks":23,"minecraft:obsidian":2,"minecraft:rail":23,"minecraft:cobblestone":1209,"minecraft:birch_log":29,"minecraft:netherite_boots":2,"minecraft:golden_carrot":1,"minecraft:waxed_copper_bulb":1,"minecraft:flint":3,"minecraft:tuff":12,"minecraft:oak_log":34,"minecraft:waxed_copper_block":3,"minecraft:cobblestone_wall":37,"minecraft:gunpowder":2,"minecraft:cobblestone_stairs":464,"minecraft:netherite_leggings":1,"minecraft:bone":34,"minecraft:apple":1,"minecraft:stone_bricks":3,"minecraft:bow":5,"minecraft:wheat_seeds":8,"minecraft:iron_ingot":5,"minecraft:cooked_chicken":2,"minecraft:netherite_axe":1,"minecraft:diamond_helmet":1,"minecraft:bamboo":1,"minecraft:scrape_pottery_sherd":1,"minecraft:oak_planks":1,"minecraft:gravel":13,"minecraft:spider_eye":3,"minecraft:firework_rocket":128,"minecraft:diamond_shovel":2,"minecraft:netherite_helmet":2,"minecraft:waxed_oxidized_copper_grate":6,"minecraft:crossbow":1,"minecraft:diamond_axe":1,"minecraft:gray_wool":2,"minecraft:golden_apple":1,"minecraft:white_concrete":10,"minecraft:emerald":5,"minecraft:bread":3,"minecraft:baked_potato":3,"minecraft:chiseled_tuff_bricks":2,"minecraft:diamond_pickaxe":1},"minecraft:killed_by":{"minecraft:creeper":1,"minecraft:warden":6},"minecraft:crafted":{"minecraft:oak_planks":20,"minecraft:cobblestone_slab":24,"minecraft:furnace":1,"minecraft:stone":155,"minecraft:cobblestone_stairs":616,"minecraft:flint_and_steel":2,"minecraft:cobblestone_wall":48,"minecraft:stone_bricks":152,"minecraft:crafting_table":1,"minecraft:bucket":1,"minecraft:birch_planks":108,"minecraft:air":0,"minecraft:stone_brick_stairs":64,"minecraft:iron_ingot":9},"minecraft:used":{"minecraft:oak_fence":28,"minecraft:tuff_bricks":7,"minecraft:oak_trapdoor":57,"minecraft:netherite_sword":95,"minecraft:flint_and_steel":10,"minecraft:elytra":8,"minecraft:stone":2,"minecraft:trial_key":1,"minecraft:oak_door":4,"minecraft:torch":11,"minecraft:cobblestone_wall":34,"minecraft:carrot":76,"minecraft:obsidian":29,"minecraft:glass":50,"minecraft:waxed_oxidized_copper":1,"minecraft:grass_block":34,"minecraft:oak_stairs":594,"minecraft:totem_of_undying":3,"minecraft:stone_brick_stairs":74,"minecraft:stone_bricks":58,"minecraft:netherite_boots":1,"minecraft:golden_carrot":8,"minecraft:bow":114,"minecraft:ominous_bottle":1,"minecraft:furnace":1,"minecraft:netherite_pickaxe":2203,"minecraft:water_bucket":95,"minecraft:cobblestone_stairs":941,"minecraft:birch_planks":648,"minecraft:red_stained_glass":1,"minecraft:oak_planks":800,"minecraft:netherite_chestplate":7,"minecraft:cobblestone_slab":6,"minecraft:golden_apple":1,"minecraft:oak_slab":165,"minecraft:crafting_table":6,"minecraft:stone_brick_wall":40,"minecraft:oak_log":199,"minecraft:firework_rocket":83,"minecraft:diamond_shovel":16,"minecraft:wind_charge":5,"minecraft:netherite_axe":86,"minecraft:potion":2,"minecraft:cobblestone":548,"minecraft:white_stained_glass":2,"minecraft:bucket":96,"minecraft:white_concrete":75,"minecraft:birch_stairs":6,"minecraft:gray_wool":2,"minecraft:experience_bottle":2,"minecraft:soul_torch":11}},"DataVersion":3953}