{"stats":{"minecraft:picked_up":{"minecraft:netherite_boots":2,"minecraft:diamond_sword":1,"minecraft:gunpowder":2,"minecraft:cobblestone_stairs":11,"minecraft:netherite_leggings":1,"minecraft:oak_trapdoor":1,"minecraft:elytra":2,"minecraft:diamond_leggings":1,"minecraft:bow":2,"minecraft:wheat_seeds":8,"minecraft:netherite_sword":3,"minecraft:netherite_axe":1,"minecraft:diamond_helmet":1,"minecraft:bamboo":1,"minecraft:carrot":14,"minecraft:netherite_pickaxe":3,"minecraft:diamond_shovel":2,"minecraft:bamboo_block":1,"minecraft:firework_rocket":128,"minecraft:arrow":1,"minecraft:rotten_flesh":1,"minecraft:diamond_chestplate":1,"minecraft:netherite_helmet":2,"minecraft:diamond_boots":1,"minecraft:diamond_axe":1,"minecraft:white_concrete":6,"minecraft:netherite_chestplate":2,"minecraft:cobblestone":16,"minecraft:diamond_pickaxe":1},"minecraft:used":{"minecraft:oak_trapdoor":57,"minecraft:oak_fence":28,"minecraft:netherite_sword":3,"minecraft:cobblestone_stairs":143,"minecraft:birch_planks":648,"minecraft:red_stained_glass":1,"minecraft:oak_planks":799,"minecraft:oak_door":4,"minecraft:torch":10,"minecraft:oak_slab":165,"minecraft:carrot":19,"minecraft:stone_brick_wall":40,"minecraft:obsidian":21,"minecraft:oak_log":199,"minecraft:glass":50,"minecraft:firework_rocket":6,"minecraft:grass_block":34,"minecraft:oak_stairs":594,"minecraft:cobblestone":171,"minecraft:bow":7,"minecraft:white_stained_glass":2,"minecraft:netherite_pickaxe":38,"minecraft:white_concrete":61,"minecraft:birch_stairs":6},"minecraft:mined":{"minecraft:cobblestone_stairs":11,"minecraft:white_concrete":7,"minecraft:cobblestone":19,"minecraft:bamboo_block":1},"minecraft:custom":{"minecraft:mob_kills":3,"minecraft:interact_with_crafting_table":2,"minecraft:leave_game":2,"minecraft:time_since_death":122686,"minecraft:sleep_in_bed":3,"minecraft:time_since_rest":6344,"minecraft:sprint_one_cm":122335,"minecraft:damage_taken":622,"minecraft:walk_one_cm":241954,"minecraft:drop":17,"minecraft:damage_dealt":264,"minecraft:interact_with_beacon":1,"minecraft:fly_one_cm":612795,"minecraft:open_chest":18,"minecraft:crouch_one_cm":4996,"minecraft:play_time":122686,"minecraft:sneak_time":2868,"minecraft:walk_under_water_one_cm":1316,"minecraft:aviate_one_cm":186180,"minecraft:jump":712,"minecraft:walk_on_water_one_cm":791,"minecraft:total_world_time":122686,"minecraft:fall_one_cm":9643},"minecraft:killed":{"minecraft:cat":1,"minecraft:spider":1,"minecraft:bee":1},"minecraft:dropped":{"minecraft:netherite_pickaxe":1,"minecraft:birch_planks":1,"minecraft:wheat_seeds":3,"minecraft:oak_trapdoor":2,"minecraft:oak_log":1,"minecraft:netherite_sword":1,"minecraft:netherite_chestplate":1,"minecraft:rotten_flesh":1,"minecraft:oak_planks":1,"minecraft:grass_block":2,"minecraft:carrot":2,"minecraft:oak_stairs":1,"minecraft:bamboo":1,"minecraft:bow":1,"minecraft:birch_stairs":1},"minecraft:crafted":{"minecraft:cobblestone_stairs":152}},"DataVersion":3953}