{"stats":{"minecraft:broken":{"minecraft:crossbow":1},"minecraft:mined":{"minecraft:tuff":12,"minecraft:oak_sapling":1,"minecraft:quartz_stairs":2,"minecraft:cobblestone_stairs":528,"minecraft:obsidian":3,"minecraft:decorated_pot":9,"minecraft:white_concrete":39,"minecraft:chiseled_tuff_bricks":2,"minecraft:bamboo_block":1,"minecraft:tuff_bricks":24,"minecraft:spawner":1,"minecraft:waxed_oxidized_cut_copper":2,"minecraft:dragon_head":1,"minecraft:gold_block":36,"minecraft:chiseled_tuff":1,"minecraft:bell":1,"minecraft:sculk_shrieker":1,"minecraft:rail":3,"minecraft:oak_stairs":9,"minecraft:waxed_weathered_copper_bulb":1,"minecraft:stone":1079,"minecraft:iron_block":1,"minecraft:soul_wall_torch":1,"minecraft:stone_brick_slab":9,"minecraft:crafting_table":5,"minecraft:short_grass":1,"minecraft:poppy":1,"minecraft:chest":1,"minecraft:copper_ore":2,"minecraft:wither_skeleton_wall_skull":2,"minecraft:cobblestone":333,"minecraft:oak_planks":6,"minecraft:diorite":1,"minecraft:wall_torch":2,"minecraft:gray_wool":2,"minecraft:waxed_copper_bulb":1,"minecraft:cobblestone_wall":34,"minecraft:waxed_oxidized_copper_grate":6,"minecraft:birch_log":29,"minecraft:waxed_copper_block":3,"minecraft:stone_brick_stairs":46,"minecraft:oak_log":51,"minecraft:gravel":17,"minecraft:waxed_oxidized_copper":1,"minecraft:flower_pot":1,"minecraft:stone_bricks":21,"minecraft:polished_deepslate_wall":7,"minecraft:oak_leaves":5,"minecraft:deepslate":131,"minecraft:infested_stone":3},"minecraft:custom":{"minecraft:interact_with_anvil":6,"minecraft:mob_kills":77,"minecraft:animals_bred":1,"minecraft:interact_with_crafting_table":36,"minecraft:open_barrel":1,"minecraft:open_shulker_box":1,"minecraft:bell_ring":18,"minecraft:leave_game":6,"minecraft:time_since_death":46096,"minecraft:climb_one_cm":2266,"minecraft:damage_resisted":812,"minecraft:sprint_one_cm":868784,"minecraft:walk_one_cm":1227959,"minecraft:drop":84,"minecraft:talked_to_villager":2,"minecraft:raid_win":1,"minecraft:play_time":449683,"minecraft:deaths":9,"minecraft:sneak_time":44976,"minecraft:walk_under_water_one_cm":59159,"minecraft:jump":3837,"minecraft:walk_on_water_one_cm":57622,"minecraft:total_world_time":449683,"minecraft:interact_with_furnace":25,"minecraft:raid_trigger":1,"minecraft:sleep_in_bed":19,"minecraft:time_since_rest":17093,"minecraft:damage_absorbed":159,"minecraft:damage_taken":8585,"minecraft:damage_dealt":12764,"minecraft:interact_with_beacon":2,"minecraft:swim_one_cm":342,"minecraft:fly_one_cm":1243766,"minecraft:pig_one_cm":1704,"minecraft:open_chest":99,"minecraft:crouch_one_cm":174513,"minecraft:aviate_one_cm":1602794,"minecraft:fall_one_cm":121838},"minecraft:dropped":{"minecraft:water_bucket":1,"minecraft:netherite_pickaxe":2,"minecraft:birch_planks":1,"minecraft:wheat_seeds":3,"minecraft:ominous_bottle":1,"minecraft:golden_helmet":3,"minecraft:oak_log":1,"minecraft:baked_potato":3,"minecraft:glass_bottle":2,"minecraft:netherite_chestplate":1,"minecraft:crossbow":1,"minecraft:cobblestone":4,"minecraft:honeycomb":1,"minecraft:bamboo_block":1,"minecraft:grass_block":2,"minecraft:flint":1,"minecraft:cobblestone_stairs":143,"minecraft:torch":1,"minecraft:waxed_weathered_copper_bulb":1,"minecraft:scrape_pottery_sherd":1,"minecraft:waxed_copper_bulb":1,"minecraft:oak_stairs":1,"minecraft:sugar":2,"minecraft:birch_log":2,"minecraft:birch_stairs":1,"minecraft:redstone":14,"minecraft:bone":4,"minecraft:gravel":13,"minecraft:oak_trapdoor":2,"minecraft:flow_pottery_sherd":1,"minecraft:chiseled_tuff_bricks":2,"minecraft:cobbled_deepslate":64,"minecraft:cobblestone_wall":51,"minecraft:raw_copper":32,"minecraft:bamboo_hanging_sign":4,"minecraft:netherite_sword":4,"minecraft:tuff":12,"minecraft:rotten_flesh":37,"minecraft:oak_planks":17,"minecraft:waxed_copper_block":3,"minecraft:carrot":3,"minecraft:flint_and_steel":2,"minecraft:deepslate_bricks":2,"minecraft:cobblestone_slab":18,"minecraft:tipped_arrow":1,"minecraft:stone":3,"minecraft:flower_pot":1,"minecraft:gunpowder":8,"minecraft:stone_brick_wall":1,"minecraft:waxed_oxidized_cut_copper":2,"minecraft:stone_bricks":1,"minecraft:bamboo":1,"minecraft:chiseled_tuff":1,"minecraft:bow":4,"minecraft:glass":9,"minecraft:stone_brick_stairs":3,"minecraft:waxed_oxidized_copper_grate":6,"minecraft:brick":34},"minecraft:picked_up":{"minecraft:waxed_oxidized_cut_copper":2,"minecraft:crafting_table":5,"minecraft:ominous_bottle":2,"minecraft:flower_pot":1,"minecraft:lead":2,"minecraft:diamond_sword":1,"minecraft:oak_stairs":9,"minecraft:gold_block":33,"minecraft:potion":2,"minecraft:dragon_head":1,"minecraft:stone_brick_stairs":44,"minecraft:brick":34,"minecraft:polished_deepslate_wall":6,"minecraft:wind_charge":2,"minecraft:oak_trapdoor":1,"minecraft:elytra":2,"minecraft:raw_copper":32,"minecraft:iron_axe":1,"minecraft:flint_and_steel":1,"minecraft:item_frame":4,"minecraft:diamond_leggings":1,"minecraft:candle":3,"minecraft:cobbled_deepslate":127,"minecraft:netherite_sword":6,"minecraft:trial_key":1,"minecraft:chiseled_tuff":1,"minecraft:quartz_stairs":2,"minecraft:chest":1,"minecraft:waxed_oxidized_copper":1,"minecraft:tipped_arrow":5,"minecraft:golden_helmet":3,"minecraft:stone":2,"minecraft:torch":3,"minecraft:flow_pottery_sherd":1,"minecraft:waxed_weathered_copper_bulb":1,"minecraft:carrot":18,"minecraft:redstone":14,"minecraft:netherite_pickaxe":3,"minecraft:bamboo_block":1,"minecraft:arrow":40,"minecraft:rotten_flesh":39,"minecraft:diamond_chestplate":1,"minecraft:deepslate_bricks":2,"minecraft:diamond_boots":1,"minecraft:saddle":3,"minecraft:totem_of_undying":2,"minecraft:netherite_chestplate":2,"minecraft:tuff_bricks":23,"minecraft:obsidian":2,"minecraft:rail":23,"minecraft:cobblestone":1209,"minecraft:birch_log":29,"minecraft:netherite_boots":2,"minecraft:golden_carrot":1,"minecraft:water_bucket":1,"minecraft:flint":3,"minecraft:waxed_copper_bulb":1,"minecraft:tuff":12,"minecraft:oak_log":51,"minecraft:waxed_copper_block":3,"minecraft:cobblestone_wall":43,"minecraft:cobblestone_stairs":464,"minecraft:gunpowder":6,"minecraft:wither_skeleton_skull":3,"minecraft:netherite_leggings":1,"minecraft:white_banner":4,"minecraft:bone":34,"minecraft:apple":2,"minecraft:stone_bricks":20,"minecraft:bow":5,"minecraft:wheat_seeds":8,"minecraft:iron_ingot":5,"minecraft:cooked_chicken":2,"minecraft:netherite_axe":1,"minecraft:diamond_helmet":1,"minecraft:bamboo":1,"minecraft:oak_planks":6,"minecraft:scrape_pottery_sherd":1,"minecraft:stone_brick_slab":8,"minecraft:gravel":13,"minecraft:soul_torch":1,"minecraft:spider_eye":3,"minecraft:firework_rocket":128,"minecraft:diamond_shovel":2,"minecraft:sugar":2,"minecraft:netherite_helmet":2,"minecraft:waxed_oxidized_copper_grate":6,"minecraft:crossbow":5,"minecraft:diamond_axe":1,"minecraft:white_concrete":34,"minecraft:golden_apple":1,"minecraft:gray_wool":2,"minecraft:emerald":19,"minecraft:bread":3,"minecraft:baked_potato":3,"minecraft:oak_sapling":6,"minecraft:chiseled_tuff_bricks":4,"minecraft:diamond_pickaxe":1},"minecraft:killed":{"minecraft:evoker":1,"minecraft:vex":10,"minecraft:bogged":8,"minecraft:zombified_piglin":2,"minecraft:witch":3,"minecraft:spider":3,"minecraft:vindicator":8,"minecraft:skeleton":6,"minecraft:bee":1,"minecraft:silverfish":3,"minecraft:warden":1,"minecraft:cat":1,"minecraft:husk":6,"minecraft:zombie_villager":1,"minecraft:ravager":2,"minecraft:creeper":2,"minecraft:pillager":10,"minecraft:zombie":7},"minecraft:killed_by":{"minecraft:player":1,"minecraft:creeper":1,"minecraft:warden":6},"minecraft:used":{"minecraft:netherite_sword":232,"minecraft:elytra":15,"minecraft:oak_fence":28,"minecraft:tuff_bricks":7,"minecraft:oak_trapdoor":57,"minecraft:oak_sign":1,"minecraft:flint_and_steel":10,"minecraft:chest":3,"minecraft:stone":2,"minecraft:trial_key":1,"minecraft:oak_door":4,"minecraft:torch":12,"minecraft:cobblestone_wall":34,"minecraft:carrot":81,"minecraft:obsidian":29,"minecraft:glass":50,"minecraft:stone_brick_slab":28,"minecraft:waxed_oxidized_copper":1,"minecraft:grass_block":34,"minecraft:oak_stairs":597,"minecraft:stone_brick_stairs":117,"minecraft:totem_of_undying":4,"minecraft:stone_bricks":108,"minecraft:item_frame":5,"minecraft:netherite_boots":1,"minecraft:golden_carrot":26,"minecraft:bow":160,"minecraft:ominous_bottle":1,"minecraft:oak_sapling":3,"minecraft:furnace":1,"minecraft:netherite_pickaxe":2339,"minecraft:water_bucket":110,"minecraft:cobblestone_stairs":941,"minecraft:wither_skeleton_skull":3,"minecraft:birch_planks":648,"minecraft:oak_planks":815,"minecraft:red_stained_glass":1,"minecraft:netherite_chestplate":15,"minecraft:cobblestone_slab":6,"minecraft:golden_apple":2,"minecraft:oak_slab":165,"minecraft:crafting_table":7,"minecraft:crossbow":4,"minecraft:white_bed":1,"minecraft:stone_brick_wall":40,"minecraft:oak_log":199,"minecraft:firework_rocket":118,"minecraft:diamond_shovel":16,"minecraft:wind_charge":5,"minecraft:netherite_axe":121,"minecraft:potion":2,"minecraft:cobblestone":548,"minecraft:white_stained_glass":2,"minecraft:bucket":111,"minecraft:birch_stairs":6,"minecraft:white_concrete":75,"minecraft:gray_wool":2,"minecraft:air":1,"minecraft:experience_bottle":2,"minecraft:soul_torch":18},"minecraft:crafted":{"minecraft:oak_planks":88,"minecraft:cobblestone_slab":24,"minecraft:oak_sign":3,"minecraft:furnace":1,"minecraft:stone":155,"minecraft:cobblestone_stairs":616,"minecraft:flint_and_steel":2,"minecraft:stone_brick_slab":30,"minecraft:cobblestone_wall":48,"minecraft:chest":2,"minecraft:stone_bricks":292,"minecraft:crafting_table":2,"minecraft:bucket":1,"minecraft:birch_planks":108,"minecraft:air":0,"minecraft:stone_brick_stairs":88,"minecraft:stick":4,"minecraft:iron_ingot":9,"minecraft:white_bed":1}},"DataVersion":3953}