{"stats":{"minecraft:custom":{"minecraft:jump":95,"minecraft:time_since_rest":63337,"minecraft:crouch_one_cm":1035,"minecraft:sprint_one_cm":12070,"minecraft:play_time":63337,"minecraft:time_since_death":63337,"minecraft:walk_one_cm":76755,"minecraft:sneak_time":1189,"minecraft:total_world_time":63337,"minecraft:fly_one_cm":265970},"minecraft:picked_up":{"minecraft:wheat_seeds":8},"minecraft:used":{"minecraft:oak_trapdoor":41,"minecraft:oak_log":196,"minecraft:white_stained_glass":2,"minecraft:oak_planks":796,"minecraft:glass":41,"minecraft:stone_brick_wall":40,"minecraft:grass_block":33,"minecraft:oak_slab":165,"minecraft:oak_fence":28,"minecraft:birch_planks":504,"minecraft:oak_door":2,"minecraft:oak_stairs":592}},"DataVersion":3953}