{"stats":{"minecraft:custom":{"minecraft:jump":28,"minecraft:time_since_rest":27337,"minecraft:crouch_one_cm":351,"minecraft:sprint_one_cm":3834,"minecraft:play_time":27337,"minecraft:time_since_death":27337,"minecraft:walk_one_cm":20747,"minecraft:sneak_time":459,"minecraft:total_world_time":27337,"minecraft:fly_one_cm":79777},"minecraft:picked_up":{"minecraft:wheat_seeds":5},"minecraft:used":{"minecraft:oak_trapdoor":29,"minecraft:oak_log":55,"minecraft:white_stained_glass":2,"minecraft:oak_planks":70,"minecraft:glass":20,"minecraft:stone_brick_wall":6,"minecraft:oak_slab":40,"minecraft:oak_fence":2,"minecraft:birch_planks":139,"minecraft:oak_door":2,"minecraft:oak_stairs":293}},"DataVersion":3953}