{"stats":{"minecraft:picked_up":{"minecraft:crafting_table":5,"minecraft:diamond_sword":1,"minecraft:potion":2,"minecraft:stone_brick_stairs":13,"minecraft:polished_deepslate_wall":6,"minecraft:oak_trapdoor":1,"minecraft:elytra":2,"minecraft:raw_copper":32,"minecraft:flint_and_steel":1,"minecraft:diamond_leggings":1,"minecraft:candle":3,"minecraft:netherite_sword":6,"minecraft:golden_helmet":3,"minecraft:stone":2,"minecraft:carrot":15,"minecraft:netherite_pickaxe":3,"minecraft:bamboo_block":1,"minecraft:arrow":4,"minecraft:diamond_chestplate":1,"minecraft:rotten_flesh":10,"minecraft:diamond_boots":1,"minecraft:deepslate_bricks":2,"minecraft:netherite_chestplate":2,"minecraft:obsidian":2,"minecraft:rail":23,"minecraft:cobblestone":1209,"minecraft:birch_log":29,"minecraft:netherite_boots":2,"minecraft:flint":2,"minecraft:oak_log":34,"minecraft:cobblestone_stairs":464,"minecraft:gunpowder":2,"minecraft:cobblestone_wall":37,"minecraft:netherite_leggings":1,"minecraft:bone":8,"minecraft:apple":1,"minecraft:stone_bricks":2,"minecraft:bow":2,"minecraft:wheat_seeds":8,"minecraft:netherite_axe":1,"minecraft:bamboo":1,"minecraft:diamond_helmet":1,"minecraft:oak_planks":1,"minecraft:gravel":13,"minecraft:spider_eye":3,"minecraft:diamond_shovel":2,"minecraft:firework_rocket":128,"minecraft:netherite_helmet":2,"minecraft:diamond_axe":1,"minecraft:gray_wool":2,"minecraft:white_concrete":10,"minecraft:diamond_pickaxe":1},"minecraft:killed":{"minecraft:spider":3,"minecraft:skeleton":4,"minecraft:bee":1,"minecraft:silverfish":3,"minecraft:warden":1,"minecraft:cat":1,"minecraft:creeper":1,"minecraft:zombie":4},"minecraft:killed_by":{"minecraft:creeper":1,"minecraft:warden":6},"minecraft:mined":{"minecraft:cobblestone_stairs":528,"minecraft:obsidian":3,"minecraft:white_concrete":10,"minecraft:bamboo_block":1,"minecraft:sculk_shrieker":1,"minecraft:rail":3,"minecraft:stone":1079,"minecraft:iron_block":1,"minecraft:crafting_table":5,"minecraft:copper_ore":2,"minecraft:cobblestone":333,"minecraft:oak_planks":1,"minecraft:gray_wool":2,"minecraft:cobblestone_wall":27,"minecraft:birch_log":29,"minecraft:stone_brick_stairs":14,"minecraft:oak_log":34,"minecraft:gravel":16,"minecraft:stone_bricks":3,"minecraft:polished_deepslate_wall":7,"minecraft:oak_leaves":5,"minecraft:infested_stone":3},"minecraft:crafted":{"minecraft:oak_planks":20,"minecraft:cobblestone_slab":24,"minecraft:furnace":1,"minecraft:stone":155,"minecraft:cobblestone_stairs":616,"minecraft:flint_and_steel":2,"minecraft:cobblestone_wall":48,"minecraft:stone_bricks":152,"minecraft:crafting_table":1,"minecraft:bucket":1,"minecraft:birch_planks":108,"minecraft:air":0,"minecraft:stone_brick_stairs":64,"minecraft:iron_ingot":9},"minecraft:dropped":{"minecraft:netherite_pickaxe":2,"minecraft:birch_planks":1,"minecraft:wheat_seeds":3,"minecraft:golden_helmet":3,"minecraft:oak_log":1,"minecraft:glass_bottle":2,"minecraft:netherite_chestplate":1,"minecraft:cobblestone":4,"minecraft:bamboo_block":1,"minecraft:grass_block":2,"minecraft:cobblestone_stairs":143,"minecraft:oak_stairs":1,"minecraft:birch_log":2,"minecraft:birch_stairs":1,"minecraft:bone":4,"minecraft:gravel":13,"minecraft:oak_trapdoor":2,"minecraft:cobblestone_wall":51,"minecraft:raw_copper":32,"minecraft:netherite_sword":4,"minecraft:rotten_flesh":10,"minecraft:oak_planks":17,"minecraft:carrot":3,"minecraft:flint_and_steel":2,"minecraft:deepslate_bricks":2,"minecraft:cobblestone_slab":18,"minecraft:stone":3,"minecraft:gunpowder":2,"minecraft:stone_brick_wall":1,"minecraft:bamboo":1,"minecraft:glass":9,"minecraft:bow":1,"minecraft:stone_brick_stairs":3},"minecraft:used":{"minecraft:oak_fence":28,"minecraft:oak_trapdoor":57,"minecraft:netherite_sword":40,"minecraft:flint_and_steel":10,"minecraft:elytra":7,"minecraft:stone":2,"minecraft:oak_door":4,"minecraft:torch":11,"minecraft:cobblestone_wall":34,"minecraft:carrot":76,"minecraft:obsidian":29,"minecraft:glass":50,"minecraft:grass_block":34,"minecraft:oak_stairs":594,"minecraft:totem_of_undying":3,"minecraft:stone_brick_stairs":74,"minecraft:stone_bricks":58,"minecraft:netherite_boots":1,"minecraft:golden_carrot":1,"minecraft:bow":86,"minecraft:furnace":1,"minecraft:netherite_pickaxe":2015,"minecraft:water_bucket":95,"minecraft:cobblestone_stairs":941,"minecraft:birch_planks":648,"minecraft:red_stained_glass":1,"minecraft:netherite_chestplate":7,"minecraft:oak_planks":800,"minecraft:cobblestone_slab":6,"minecraft:golden_apple":1,"minecraft:oak_slab":165,"minecraft:crafting_table":6,"minecraft:stone_brick_wall":40,"minecraft:oak_log":199,"minecraft:firework_rocket":83,"minecraft:diamond_shovel":16,"minecraft:netherite_axe":86,"minecraft:cobblestone":548,"minecraft:potion":2,"minecraft:white_stained_glass":2,"minecraft:bucket":96,"minecraft:white_concrete":75,"minecraft:gray_wool":2,"minecraft:experience_bottle":2,"minecraft:soul_torch":6,"minecraft:birch_stairs":6},"minecraft:custom":{"minecraft:mob_kills":18,"minecraft:interact_with_anvil":5,"minecraft:interact_with_crafting_table":30,"minecraft:open_shulker_box":1,"minecraft:leave_game":3,"minecraft:time_since_death":2770,"minecraft:climb_one_cm":681,"minecraft:sprint_one_cm":386096,"minecraft:walk_one_cm":815444,"minecraft:drop":54,"minecraft:talked_to_villager":1,"minecraft:play_time":336921,"minecraft:deaths":7,"minecraft:sneak_time":42282,"minecraft:walk_under_water_one_cm":53790,"minecraft:jump":2233,"minecraft:walk_on_water_one_cm":33712,"minecraft:total_world_time":336921,"minecraft:interact_with_furnace":25,"minecraft:sleep_in_bed":14,"minecraft:time_since_rest":2798,"minecraft:damage_taken":5157,"minecraft:damage_absorbed":120,"minecraft:damage_dealt":1257,"minecraft:interact_with_beacon":2,"minecraft:swim_one_cm":342,"minecraft:fly_one_cm":873132,"minecraft:open_chest":48,"minecraft:crouch_one_cm":166531,"minecraft:aviate_one_cm":1273129,"minecraft:fall_one_cm":77057}},"DataVersion":3953}