{"stats":{"minecraft:custom":{"minecraft:interact_with_anvil":1,"minecraft:mob_kills":8,"minecraft:interact_with_crafting_table":8,"minecraft:leave_game":2,"minecraft:time_since_death":181530,"minecraft:sleep_in_bed":8,"minecraft:time_since_rest":0,"minecraft:sprint_one_cm":188806,"minecraft:damage_taken":1652,"minecraft:walk_one_cm":437437,"minecraft:drop":24,"minecraft:damage_dealt":850,"minecraft:interact_with_beacon":1,"minecraft:swim_one_cm":342,"minecraft:fly_one_cm":697438,"minecraft:open_chest":32,"minecraft:crouch_one_cm":37096,"minecraft:play_time":181530,"minecraft:sneak_time":12344,"minecraft:walk_under_water_one_cm":22368,"minecraft:aviate_one_cm":608448,"minecraft:jump":1220,"minecraft:walk_on_water_one_cm":12946,"minecraft:total_world_time":181530,"minecraft:fall_one_cm":34042},"minecraft:picked_up":{"minecraft:netherite_boots":2,"minecraft:crafting_table":3,"minecraft:diamond_sword":1,"minecraft:flint":2,"minecraft:oak_log":5,"minecraft:cobblestone_wall":3,"minecraft:gunpowder":2,"minecraft:cobblestone_stairs":149,"minecraft:netherite_leggings":1,"minecraft:oak_trapdoor":1,"minecraft:elytra":2,"minecraft:apple":1,"minecraft:wheat_seeds":8,"minecraft:bow":2,"minecraft:diamond_leggings":1,"minecraft:netherite_sword":4,"minecraft:netherite_axe":1,"minecraft:diamond_helmet":1,"minecraft:bamboo":1,"minecraft:oak_planks":1,"minecraft:gravel":13,"minecraft:carrot":15,"minecraft:netherite_pickaxe":3,"minecraft:spider_eye":3,"minecraft:bamboo_block":1,"minecraft:firework_rocket":128,"minecraft:diamond_shovel":2,"minecraft:arrow":1,"minecraft:diamond_chestplate":1,"minecraft:rotten_flesh":5,"minecraft:netherite_helmet":2,"minecraft:diamond_boots":1,"minecraft:diamond_axe":1,"minecraft:white_concrete":10,"minecraft:netherite_chestplate":2,"minecraft:obsidian":2,"minecraft:rail":21,"minecraft:cobblestone":538,"minecraft:diamond_pickaxe":1},"minecraft:crafted":{"minecraft:oak_planks":20,"minecraft:cobblestone_slab":24,"minecraft:crafting_table":1,"minecraft:cobblestone_stairs":344,"minecraft:bucket":1,"minecraft:flint_and_steel":1,"minecraft:iron_ingot":9,"minecraft:cobblestone_wall":48},"minecraft:dropped":{"minecraft:netherite_pickaxe":1,"minecraft:birch_planks":1,"minecraft:wheat_seeds":3,"minecraft:oak_trapdoor":2,"minecraft:oak_log":1,"minecraft:netherite_sword":2,"minecraft:netherite_chestplate":1,"minecraft:rotten_flesh":5,"minecraft:oak_planks":17,"minecraft:bamboo_block":1,"minecraft:grass_block":2,"minecraft:carrot":3,"minecraft:flint_and_steel":1,"minecraft:bamboo":1,"minecraft:oak_stairs":1,"minecraft:glass":9,"minecraft:bow":1,"minecraft:birch_stairs":1},"minecraft:killed":{"minecraft:cat":1,"minecraft:spider":2,"minecraft:zombie":1,"minecraft:bee":1,"minecraft:silverfish":3},"minecraft:used":{"minecraft:oak_trapdoor":57,"minecraft:oak_fence":28,"minecraft:water_bucket":51,"minecraft:netherite_sword":23,"minecraft:cobblestone_stairs":412,"minecraft:flint_and_steel":1,"minecraft:birch_planks":648,"minecraft:red_stained_glass":1,"minecraft:oak_planks":800,"minecraft:cobblestone_slab":6,"minecraft:oak_door":4,"minecraft:torch":11,"minecraft:oak_slab":165,"minecraft:crafting_table":3,"minecraft:cobblestone_wall":27,"minecraft:carrot":49,"minecraft:stone_brick_wall":40,"minecraft:obsidian":29,"minecraft:oak_log":199,"minecraft:glass":50,"minecraft:firework_rocket":41,"minecraft:diamond_shovel":16,"minecraft:grass_block":34,"minecraft:oak_stairs":594,"minecraft:netherite_axe":10,"minecraft:cobblestone":415,"minecraft:bow":33,"minecraft:white_stained_glass":2,"minecraft:bucket":52,"minecraft:netherite_pickaxe":881,"minecraft:white_concrete":75,"minecraft:birch_stairs":6},"minecraft:mined":{"minecraft:cobblestone_stairs":168,"minecraft:obsidian":3,"minecraft:crafting_table":3,"minecraft:white_concrete":10,"minecraft:cobblestone":150,"minecraft:oak_planks":1,"minecraft:bamboo_block":1,"minecraft:cobblestone_wall":27,"minecraft:oak_log":5,"minecraft:rail":2,"minecraft:gravel":16,"minecraft:stone":517,"minecraft:infested_stone":3}},"DataVersion":3953}