{"stats":{"minecraft:used":{"minecraft:chiseled_bookshelf":4,"minecraft:diamond_pickaxe":34,"minecraft:cornflower":12,"minecraft:oxeye_daisy":3,"minecraft:poppy":39,"minecraft:chest":1,"minecraft:diamond_axe":61,"minecraft:barrel":4,"minecraft:lilac":14,"minecraft:pink_bed":2,"minecraft:crafting_table":1,"minecraft:furnace":2,"minecraft:carrot":5,"minecraft:dandelion":36,"minecraft:azure_bluet":4},"minecraft:custom":{"minecraft:time_since_rest":50066,"minecraft:damage_taken":63,"minecraft:sprint_one_cm":29426,"minecraft:walk_one_cm":616977,"minecraft:drop":1,"minecraft:interact_with_crafting_table":24,"minecraft:fly_one_cm":8145,"minecraft:open_chest":6,"minecraft:play_time":172982,"minecraft:jump":706,"minecraft:leave_game":2,"minecraft:time_since_death":172982,"minecraft:walk_on_water_one_cm":40,"minecraft:sleep_in_bed":6,"minecraft:total_world_time":172982,"minecraft:damage_resisted":26,"minecraft:fall_one_cm":7067},"minecraft:dropped":{"minecraft:wheat_seeds":1},"minecraft:mined":{"minecraft:oak_door":1,"minecraft:lilac":17,"minecraft:dandelion":36,"minecraft:azure_bluet":6,"minecraft:cornflower":14,"minecraft:short_grass":11,"minecraft:oak_log":56,"minecraft:poppy":17,"minecraft:stone":34,"minecraft:oxeye_daisy":4,"minecraft:oak_leaves":1},"minecraft:picked_up":{"minecraft:book":349,"minecraft:pink_bed":2,"minecraft:stick":6,"minecraft:azure_bluet":5,"minecraft:lilac":17,"minecraft:oak_door":1,"minecraft:dandelion":36,"minecraft:oak_log":54,"minecraft:carrot":57,"minecraft:cornflower":14,"minecraft:bone":2,"minecraft:arrow":4,"minecraft:wheat_seeds":2,"minecraft:candle":2,"minecraft:poppy":337,"minecraft:oak_sapling":9,"minecraft:white_wool":51,"minecraft:cobblestone":30,"minecraft:oxeye_daisy":4},"minecraft:crafted":{"minecraft:red_dye":1,"minecraft:oak_slab":48,"minecraft:oak_planks":172,"minecraft:cobblestone_slab":6,"minecraft:barrel":6,"minecraft:crafting_table":1,"minecraft:stick":4,"minecraft:oak_stairs":4,"minecraft:chiseled_bookshelf":5,"minecraft:chest":1,"minecraft:furnace":2,"minecraft:light_gray_dye":1,"minecraft:magenta_dye":2,"minecraft:bookshelf":5,"minecraft:painting":1}},"DataVersion":3953}