{"stats":{"minecraft:mined":{"minecraft:oak_slab":2,"minecraft:oak_door":1,"minecraft:dandelion":36,"minecraft:oak_fence":6,"minecraft:cornflower":14,"minecraft:chiseled_bookshelf":1,"minecraft:short_grass":11,"minecraft:grass_block":5,"minecraft:poppy":17,"minecraft:oak_pressure_plate":3,"minecraft:oxeye_daisy":4,"minecraft:wall_torch":1,"minecraft:lilac":17,"minecraft:azure_bluet":6,"minecraft:oak_log":56,"minecraft:oak_stairs":1,"minecraft:dirt":8,"minecraft:stone":34,"minecraft:oak_leaves":9},"minecraft:crafted":{"minecraft:red_dye":1,"minecraft:oak_slab":48,"minecraft:oak_planks":172,"minecraft:cobblestone_slab":6,"minecraft:barrel":6,"minecraft:crafting_table":1,"minecraft:oak_pressure_plate":7,"minecraft:furnace":2,"minecraft:bookshelf":5,"minecraft:painting":1,"minecraft:stick":4,"minecraft:cobblestone_wall":6,"minecraft:chiseled_bookshelf":5,"minecraft:oak_stairs":4,"minecraft:chest":1,"minecraft:light_gray_dye":1,"minecraft:magenta_dye":2,"minecraft:oak_fence":3},"minecraft:used":{"minecraft:oak_fence":6,"minecraft:chiseled_bookshelf":4,"minecraft:oak_planks":1,"minecraft:poppy":39,"minecraft:chest":1,"minecraft:diamond_axe":61,"minecraft:torch":1,"minecraft:oak_slab":2,"minecraft:crafting_table":1,"minecraft:carrot":5,"minecraft:azure_bluet":4,"minecraft:diamond_pickaxe":34,"minecraft:cornflower":12,"minecraft:oxeye_daisy":3,"minecraft:oak_stairs":3,"minecraft:oak_pressure_plate":3,"minecraft:lilac":14,"minecraft:barrel":6,"minecraft:pink_bed":2,"minecraft:furnace":2,"minecraft:dandelion":36},"minecraft:picked_up":{"minecraft:azure_bluet":5,"minecraft:lilac":17,"minecraft:oak_stairs":1,"minecraft:oak_log":54,"minecraft:cornflower":14,"minecraft:dirt":13,"minecraft:bone":23,"minecraft:candle":2,"minecraft:wheat_seeds":2,"minecraft:poppy":337,"minecraft:book":349,"minecraft:pink_bed":2,"minecraft:oak_slab":2,"minecraft:stick":6,"minecraft:oak_door":1,"minecraft:oak_fence":6,"minecraft:torch":1,"minecraft:dandelion":36,"minecraft:oak_pressure_plate":3,"minecraft:carrot":57,"minecraft:arrow":4,"minecraft:oak_sapling":9,"minecraft:white_wool":51,"minecraft:cobblestone":30,"minecraft:oxeye_daisy":4},"minecraft:custom":{"minecraft:mob_kills":1,"minecraft:interact_with_crafting_table":26,"minecraft:leave_game":3,"minecraft:time_since_death":237352,"minecraft:sleep_in_bed":6,"minecraft:damage_resisted":119,"minecraft:time_since_rest":114436,"minecraft:sprint_one_cm":55910,"minecraft:damage_taken":206,"minecraft:walk_one_cm":886693,"minecraft:drop":1,"minecraft:damage_dealt":20,"minecraft:fly_one_cm":10329,"minecraft:open_chest":11,"minecraft:play_time":237352,"minecraft:jump":1117,"minecraft:walk_on_water_one_cm":40,"minecraft:total_world_time":237352,"minecraft:fall_one_cm":10169},"minecraft:dropped":{"minecraft:wheat_seeds":1}},"DataVersion":3953}