{"stats":{"minecraft:used":{"minecraft:chest":1,"minecraft:diamond_axe":23,"minecraft:pink_bed":2,"minecraft:crafting_table":1},"minecraft:dropped":{"minecraft:wheat_seeds":1},"minecraft:custom":{"minecraft:time_since_rest":3755,"minecraft:sprint_one_cm":6364,"minecraft:damage_taken":19,"minecraft:walk_one_cm":251500,"minecraft:drop":1,"minecraft:interact_with_crafting_table":7,"minecraft:fly_one_cm":764,"minecraft:open_chest":1,"minecraft:play_time":78397,"minecraft:jump":251,"minecraft:leave_game":1,"minecraft:walk_on_water_one_cm":40,"minecraft:time_since_death":78397,"minecraft:sleep_in_bed":3,"minecraft:total_world_time":78397,"minecraft:fall_one_cm":2036},"minecraft:picked_up":{"minecraft:pink_bed":2,"minecraft:azure_bluet":4,"minecraft:lilac":17,"minecraft:oak_door":1,"minecraft:dandelion":27,"minecraft:oak_log":22,"minecraft:carrot":57,"minecraft:cornflower":12,"minecraft:arrow":2,"minecraft:wheat_seeds":2,"minecraft:poppy":16,"minecraft:white_wool":51,"minecraft:oxeye_daisy":3},"minecraft:mined":{"minecraft:oak_door":1,"minecraft:lilac":17,"minecraft:dandelion":27,"minecraft:azure_bluet":5,"minecraft:cornflower":12,"minecraft:short_grass":7,"minecraft:oak_log":22,"minecraft:poppy":16,"minecraft:oxeye_daisy":3,"minecraft:oak_leaves":1},"minecraft:crafted":{"minecraft:red_dye":1,"minecraft:oak_slab":12,"minecraft:oak_planks":72,"minecraft:barrel":3,"minecraft:crafting_table":1,"minecraft:chiseled_bookshelf":2,"minecraft:oak_stairs":4,"minecraft:chest":1,"minecraft:light_gray_dye":1,"minecraft:magenta_dye":2}},"DataVersion":3953}