{"stats":{"minecraft:used":{"minecraft:cornflower":12,"minecraft:diamond_pickaxe":34,"minecraft:poppy":25,"minecraft:chest":1,"minecraft:diamond_axe":23,"minecraft:lilac":3,"minecraft:pink_bed":2,"minecraft:crafting_table":1,"minecraft:dandelion":16},"minecraft:dropped":{"minecraft:wheat_seeds":1},"minecraft:custom":{"minecraft:time_since_rest":7932,"minecraft:sprint_one_cm":8364,"minecraft:damage_taken":26,"minecraft:walk_one_cm":346896,"minecraft:drop":1,"minecraft:interact_with_crafting_table":20,"minecraft:fly_one_cm":1268,"minecraft:open_chest":3,"minecraft:play_time":114397,"minecraft:jump":353,"minecraft:leave_game":1,"minecraft:walk_on_water_one_cm":40,"minecraft:time_since_death":114397,"minecraft:sleep_in_bed":5,"minecraft:total_world_time":114397,"minecraft:fall_one_cm":2938},"minecraft:picked_up":{"minecraft:book":349,"minecraft:pink_bed":2,"minecraft:azure_bluet":4,"minecraft:lilac":17,"minecraft:oak_door":1,"minecraft:dandelion":28,"minecraft:oak_log":22,"minecraft:carrot":57,"minecraft:cornflower":12,"minecraft:arrow":2,"minecraft:wheat_seeds":2,"minecraft:candle":2,"minecraft:poppy":336,"minecraft:white_wool":51,"minecraft:cobblestone":30,"minecraft:oxeye_daisy":3},"minecraft:mined":{"minecraft:oak_door":1,"minecraft:lilac":17,"minecraft:dandelion":28,"minecraft:azure_bluet":5,"minecraft:cornflower":12,"minecraft:short_grass":7,"minecraft:oak_log":22,"minecraft:poppy":16,"minecraft:stone":34,"minecraft:oxeye_daisy":3,"minecraft:oak_leaves":1},"minecraft:crafted":{"minecraft:red_dye":1,"minecraft:oak_slab":24,"minecraft:oak_planks":88,"minecraft:cobblestone_slab":6,"minecraft:barrel":3,"minecraft:crafting_table":1,"minecraft:chiseled_bookshelf":2,"minecraft:oak_stairs":4,"minecraft:chest":1,"minecraft:light_gray_dye":1,"minecraft:magenta_dye":2,"minecraft:bookshelf":4}},"DataVersion":3953}